movie_id,name_id
tt0038733,nm0003836
tt0038733,nm0696247
tt0060908,nm0003606
tt0069049,nm0000080
tt0082620,nm0716460
tt0083907,nm0000600
tt0085953,nm0490551
tt0100275,nm0749914
tt0100275,nm0765384
tt0147855,nm0611531
tt0192669,nm0939869
tt0235166,nm0003761
tt0339091,nm0478713
tt0339736,nm1274189
tt0347307,nm0652673
tt0360556,nm1023919
tt0427543,nm0853374
tt0451279,nm0420941
tt0491175,nm0000123
tt0491203,nm0149491
tt0800325,nm0871860
tt0837563,nm1556116
tt0837563,nm1552637
tt0862930,nm1012100
tt0926132,nm1937564
tt0972544,nm1641117
tt0974015,nm0811583
tt10006270,nm0363087
tt10008784,nm2502502
tt10012964,nm0155127
tt10016532,nm6352742
tt10039468,nm1345541
tt10046236,nm6356309
tt10076722,nm8986705
tt10077998,nm5893763
tt10102350,nm5717949
tt10115562,nm0393394
tt10122392,nm1597629
tt10125662,nm7249446
tt10133300,nm4195915
tt10156112,nm1283069
tt10183616,nm2254779
tt10195210,nm6576432
tt10199586,nm2841936
tt10199590,nm1868177
tt10199670,nm2247200
tt10208198,nm8694244
tt10214842,nm1213790
tt10218674,nm0151135
tt10228204,nm4870005
tt10237612,nm0948596
tt1024855,nm1654324
tt1025100,nm0000487
tt10253466,nm4899218
tt10255320,nm0006395
tt10263320,nm5662493
tt10272534,nm0637615
tt10279010,nm1712317
tt10279010,nm0939147
tt10305616,nm4726499
tt10318332,nm2435139
tt10323688,nm6034923
tt10327842,nm0354918
tt10327842,nm2880943
tt10327842,nm0844896
tt10327842,nm3464186
tt10330046,nm5665415
tt1034385,nm1164755
tt10360782,nm10706694
tt10364402,nm1373966
tt10370402,nm1802591
tt10370434,nm10711773
tt10378798,nm4395571
tt10378798,nm2691863
tt10381126,nm9538737
tt10384108,nm7105926
tt10394822,nm5194762
tt10405902,nm7478007
tt10407272,nm0458251
tt10410520,nm10730089
tt10438658,nm10743381
tt10443252,nm2349080
tt10443808,nm0032714
tt10495746,nm2804902
tt10495912,nm1346477
tt10497826,nm5394027
tt10498810,nm2961993
tt10503934,nm0032714
tt10504752,nm8246243
tt10519182,nm3034399
tt10521814,nm5634068
tt10545040,nm4029670
tt10545484,nm10829550
tt10550884,nm8460699
tt10551420,nm1040773
tt10551608,nm9214307
tt10556036,nm10799725
tt10579992,nm3774181
tt10581102,nm5601644
tt10581102,nm1846164
tt10585038,nm10813251
tt10589914,nm0814469
tt10592506,nm5009037
tt10604464,nm7767102
tt10604464,nm6356309
tt10622790,nm6864027
tt10623524,nm7569493
tt10627720,nm1169562
tt10651188,nm2371539
tt10656240,nm0729764
tt10658960,nm9577548
tt10659288,nm8927691
tt10671436,nm3221779
tt10687168,nm0948523
tt10709404,nm4242010
tt10726604,nm7110804
tt1072748,nm1294961
tt1072748,nm1294962
tt10738914,nm0042768
tt10767426,nm2568708
tt10768678,nm10896846
tt10800758,nm2341549
tt10805432,nm3365624
tt10815982,nm9009028
tt10816510,nm2124532
tt10867504,nm10938984
tt10869474,nm8011781
tt10883272,nm3655122
tt10883506,nm3010935
tt10895780,nm10951298
tt10895830,nm10951338
tt10927122,nm5397315
tt10944714,nm3595665
tt11027104,nm4983993
tt11134856,nm11062254
tt1131728,nm7971037
tt1134664,nm1426355
tt1137450,nm0744834
tt1148205,nm0346841
tt1158939,nm2830839
tt1183352,nm0140196
tt1194606,nm0681247
tt1206885,nm0344496
tt1212428,nm0336695
tt1219827,nm2782185
tt1230168,nm5282204
tt1253859,nm0089502
tt1272016,nm0954066
tt1281966,nm3113764
tt1285009,nm1266897
tt1298644,nm1128050
tt1301178,nm3152327
tt1308728,nm0005008
tt1318517,nm0000416
tt1334514,nm1294065
tt1365519,nm1012385
tt1380151,nm2308658
tt1386583,nm0923304
tt1389072,nm0668247
tt1389098,nm0863756
tt1412528,nm0998825
tt1413492,nm3350420
tt1431347,nm0205827
tt1458169,nm1060986
tt1478839,nm0193508
tt1485796,nm1243905
tt1536537,nm2482088
tt1544608,nm0397970
tt1563742,nm0338576
tt1564777,nm0382956
tt1590193,nm1429471
tt1620680,nm1148550
tt1648190,nm1064048
tt1653665,nm0193508
tt1661275,nm0771054
tt1680140,nm0425894
tt1691916,nm1735543
tt1691924,nm0658140
tt1699518,nm0669704
tt1712192,nm0239001
tt1727497,nm0894178
tt1734493,nm0000776
tt1748051,nm4131787
tt1748051,nm4133041
tt1753786,nm0122223
tt1758810,nm0019247
tt1759744,nm0366004
tt1780790,nm2852166
tt1785635,nm0124112
tt1790809,nm1461392
tt1790809,nm1650283
tt1799516,nm0131969
tt1824932,nm1383771
tt1825683,nm3363032
tt1826956,nm0384886
tt1833116,nm0224331
tt1837636,nm0001348
tt1854582,nm0831321
tt1863293,nm0653768
tt1869347,nm0660707
tt1869491,nm4383938
tt1884378,nm1327231
tt1895315,nm0465551
tt1922544,nm1312783
tt1928334,nm2674084
tt1934452,nm1809616
tt1935897,nm0451076
tt1937340,nm1715497
tt1946502,nm0038432
tt1950186,nm0003506
tt1977094,nm1109940
tt1979376,nm2155757
tt1981128,nm0002041
tt1986202,nm0840412
tt2002742,nm2369662
tt2018069,nm2227980
tt2034800,nm0955443
tt2039412,nm1871594
tt2050452,nm0274278
tt2062700,nm0000517
tt2066051,nm0002077
tt2069797,nm1531934
tt2072233,nm2171633
tt2076826,nm0191258
tt2091256,nm1659741
tt2098669,nm0393450
tt2119532,nm0000154
tt2119543,nm0744834
tt2125650,nm2163505
tt2126357,nm0781842
tt2140507,nm0004234
tt2140629,nm0909946
tt2149360,nm4074758
tt2150177,nm0665548
tt2179231,nm1491597
tt2196053,nm2523512
tt2226597,nm0009463
tt2231461,nm0679031
tt2233979,nm0077879
tt2239822,nm0000108
tt2250912,nm1218281
tt2265651,nm2051948
tt2274648,nm0551076
tt2275629,nm0512746
tt2275743,nm1872698
tt2275743,nm0155093
tt2275743,nm1313447
tt2275743,nm0251774
tt2275743,nm3418586
tt2275743,nm0304541
tt2278870,nm1850834
tt2281442,nm3975368
tt2281442,nm3147111
tt2281442,nm5668102
tt2281442,nm5667196
tt2293060,nm1027891
tt2296777,nm0828970
tt2297108,nm1267397
tt2304662,nm1958762
tt2315596,nm0491259
tt2316479,nm1561205
tt2328900,nm6066050
tt2331047,nm0657372
tt2337841,nm0780789
tt2378507,nm2308774
tt2385752,nm1383238
tt2386237,nm1786164
tt2386490,nm0213450
tt2386588,nm0451126
tt2395469,nm0015295
tt2396589,nm2011696
tt2401825,nm2382626
tt2406566,nm0500610
tt2421910,nm0307364
tt2425466,nm2438954
tt2445568,nm5315854
tt2449638,nm1390673
tt2463842,nm2013599
tt2476294,nm1031723
tt2487028,nm6146827
tt2490148,nm2066764
tt2492344,nm0355070
tt2499472,nm1362570
tt2515456,nm2881794
tt2523096,nm2999543
tt2527336,nm0426059
tt2531334,nm1862368
tt2534642,nm1834186
tt2534642,nm2473813
tt2534642,nm0881351
tt2543472,nm0154716
tt2557478,nm0215299
tt2570500,nm3121604
tt2578608,nm2382124
tt2582498,nm5590177
tt2582576,nm2036500
tt2602338,nm4586375
tt2606314,nm4650353
tt2620590,nm2376614
tt2620590,nm2377660
tt2630742,nm0615433
tt2633076,nm4106259
tt2651724,nm2215406
tt2670882,nm1425385
tt2677722,nm1026778
tt2690634,nm2723497
tt2700194,nm5517589
tt2700194,nm7237349
tt2704998,nm0197855
tt2704998,nm0326246
tt2709962,nm3487110
tt2712758,nm0534803
tt2720826,nm1079776
tt2728784,nm0798517
tt2737304,nm0081540
tt2762506,nm2289860
tt2762506,nm2207625
tt2762662,nm1843195
tt2763304,nm0000965
tt2766104,nm0038604
tt2776878,nm0355699
tt2782232,nm3985226
tt2783862,nm2118394
tt2814628,nm0659023
tt2852500,nm4179917
tt2873282,nm1349376
tt2898904,nm3659839
tt2898904,nm5663776
tt2898904,nm5663288
tt2913562,nm2832785
tt2917484,nm2102632
tt2920294,nm1889143
tt2926924,nm4363817
tt2931140,nm1988958
tt2931376,nm0103971
tt2932536,nm1266897
tt2935390,nm3694606
tt2935510,nm0336695
tt2943946,nm1354570
tt2948160,nm3019115
tt2948530,nm1534600
tt2955304,nm0567587
tt2967226,nm0335337
tt2967856,nm4618825
tt2967856,nm4204557
tt2984576,nm2402050
tt2989524,nm0426287
tt3024324,nm1520912
tt3026488,nm0001641
tt3038708,nm1993322
tt3061222,nm4498957
tt3061594,nm5807730
tt3061594,nm5869937
tt3063364,nm0483747
tt3068544,nm5907970
tt3072732,nm0304541
tt3076510,nm0939517
tt3079222,nm1877671
tt3082826,nm0569653
tt3086078,nm1334483
tt3092790,nm2235400
tt3096782,nm0225935
tt3104988,nm0160840
tt3108658,nm0897829
tt3113386,nm0760316
tt3116438,nm3311772
tt3120280,nm3859682
tt3122390,nm1423512
tt3127016,nm0114197
tt3127022,nm0170043
tt3138122,nm1980747
tt3142428,nm2397480
tt3142468,nm5125973
tt3148552,nm0355527
tt3160336,nm2245581
tt3163224,nm2838555
tt3165632,nm3265827
tt3169740,nm4296517
tt3170458,nm0324521
tt3170458,nm1603397
tt3171832,nm1726691
tt3182620,nm0578899
tt3183402,nm3844924
tt3183402,nm3757248
tt3188492,nm4373772
tt3194388,nm3877889
tt3201640,nm1587778
tt3201654,nm0849988
tt3203528,nm0002041
tt3204632,nm5575570
tt3209826,nm0155027
tt3212910,nm2281884
tt3226454,nm2966708
tt3228088,nm0005616
tt3231734,nm2096009
tt3244786,nm0705535
tt3245848,nm1087903
tt3255590,nm0847859
tt3257794,nm2752754
tt3262342,nm3699790
tt3262342,nm1364790
tt3268340,nm1016937
tt3277446,nm0533266
tt3280262,nm0238841
tt3283864,nm2295916
tt3286560,nm0000576
tt3289080,nm3168346
tt3289804,nm0425364
tt3289956,nm0004217
tt3292080,nm0400486
tt3296156,nm3280033
tt3296908,nm1473428
tt3297382,nm1736575
tt3300980,nm0958969
tt3305176,nm1893445
tt3312180,nm3215670
tt3313182,nm1317689
tt3315342,nm0003506
tt3335606,nm0795153
tt3344694,nm0006487
tt3349578,nm0112871
tt3361792,nm1933648
tt3362238,nm4894287
tt3378384,nm1153918
tt3396208,nm1403732
tt3398808,nm1302290
tt3401174,nm1621651
tt3401174,nm0687739
tt3401882,nm0007193
tt3401962,nm3148857
tt3404246,nm2264935
tt3405236,nm1194320
tt3411444,nm0757858
tt3415358,nm3317227
tt3416536,nm6166094
tt3418064,nm1237255
tt3429340,nm2514599
tt3444008,nm1477697
tt3445702,nm5469372
tt3449006,nm3342252
tt3458760,nm3179896
tt3465026,nm0388594
tt3469798,nm1523747
tt3470600,nm2888554
tt3470600,nm1134029
tt3479530,nm5695557
tt3486080,nm5098915
tt3486626,nm2117510
tt3487610,nm1496042
tt3496790,nm2180059
tt3497596,nm1030346
tt3499358,nm6146593
tt3499358,nm6146940
tt3499542,nm6160730
tt3499542,nm6160732
tt3505898,nm3163495
tt3509978,nm4292047
tt3517306,nm3398958
tt3517870,nm2077225
tt3520216,nm3129003
tt3520714,nm3790615
tt3526622,nm0907655
tt3530328,nm4435811
tt3531202,nm1119099
tt3548028,nm1719084
tt3548276,nm2104225
tt3548276,nm1322293
tt3552592,nm2672601
tt3563342,nm0644100
tt3564122,nm6160730
tt3565066,nm1508002
tt3568380,nm0130327
tt3581478,nm4705143
tt3582020,nm0621168
tt3591696,nm0776553
tt3591836,nm4657066
tt3592750,nm5630563
tt3592904,nm1189201
tt3596436,nm4335588
tt3598108,nm1168930
tt3602422,nm2777774
tt3604156,nm0288651
tt3606752,nm0270263
tt3606756,nm0083348
tt3615160,nm0613562
tt3615952,nm2960596
tt3616934,nm0174983
tt3629032,nm1637798
tt3630800,nm1951858
tt3630800,nm0331621
tt3639656,nm0347957
tt3643544,nm0147985
tt3645988,nm0023355
tt3647784,nm2211997
tt3653132,nm0467836
tt3661570,nm0251490
tt3662308,nm1758280
tt3663020,nm0350455
tt3665498,nm2285460
tt3666024,nm0240196
tt3672120,nm0377623
tt3680820,nm0709182
tt3684500,nm2651069
tt3685624,nm0092632
tt3687316,nm0601376
tt3687898,nm6448847
tt3688342,nm0570865
tt3699702,nm3656365
tt3702088,nm0483999
tt3704298,nm1770760
tt3704700,nm3584506
tt3709442,nm1409078
tt3709552,nm0844155
tt3710966,nm1076716
tt3713030,nm0446539
tt3714492,nm1073837
tt3717490,nm2410311
tt3719158,nm4177136
tt3722356,nm4731208
tt3724490,nm0751481
tt3732280,nm1628249
tt3733068,nm1738794
tt3733068,nm2191541
tt3733098,nm3060912
tt3737840,nm0822597
tt3740066,nm3562611
tt3741188,nm2563516
tt3741700,nm1002424
tt3741834,nm0204628
tt3746824,nm6512883
tt3746824,nm6305117
tt3750872,nm0750275
tt3752610,nm1555204
tt3756046,nm0470098
tt3758162,nm0473329
tt3758708,nm1837403
tt3759298,nm2101256
tt3766354,nm0298807
tt3771792,nm0533266
tt3776518,nm2634623
tt3778354,nm4490351
tt3783958,nm3227090
tt3784042,nm3023873
tt3786198,nm0611314
tt3787068,nm4717236
tt3794028,nm0305368
tt3794392,nm4827374
tt3799232,nm1479803
tt3804448,nm5541436
tt3809276,nm0649181
tt3809960,nm0053556
tt3813334,nm3266227
tt3814808,nm0792120
tt3823098,nm0403038
tt3823392,nm0634782
tt3829276,nm1618155
tt3829378,nm0326040
tt3830302,nm6596116
tt3831344,nm4178630
tt3831636,nm1729116
tt3832126,nm1839607
tt3832326,nm2085977
tt3844876,nm2732016
tt3847642,nm2415859
tt3852028,nm4634042
tt3853830,nm3414572
tt3858454,nm1707168
tt3859272,nm3225709
tt3859310,nm0593463
tt3859872,nm1012037
tt3860916,nm3262170
tt3860916,nm3447602
tt3861144,nm4126099
tt3863632,nm0602055
tt3864934,nm0532723
tt3866526,nm0080100
tt3876382,nm2085189
tt3879200,nm1957032
tt3881026,nm6645184
tt3881784,nm0337773
tt3884282,nm4567309
tt3889156,nm1118245
tt3890160,nm0942367
tt3891338,nm1980429
tt3895908,nm6661527
tt3896198,nm0348181
tt3896738,nm1587778
tt3899154,nm2616352
tt3899154,nm2247776
tt3899154,nm6664323
tt3901826,nm1316072
tt3904278,nm3016585
tt3904278,nm2347373
tt3906082,nm2223783
tt3910736,nm0922346
tt3915560,nm0962647
tt3920890,nm2306906
tt3922818,nm0155093
tt3924262,nm3990444
tt3924774,nm0919909
tt3948764,nm3079109
tt3951908,nm0801219
tt3954646,nm0023361
tt3954646,nm0651388
tt3954876,nm3519593
tt3954876,nm3897630
tt3954876,nm4489330
tt3954876,nm5398509
tt3954876,nm4219666
tt3954876,nm3222789
tt3956336,nm0133966
tt3960240,nm2361811
tt3962984,nm0713576
tt3967508,nm0267715
tt3967878,nm0453518
tt3969208,nm3719393
tt3983902,nm0317368
tt3984432,nm2809933
tt3985430,nm1697542
tt3990782,nm2171652
tt4003440,nm0001885
tt4004084,nm2970236
tt4008566,nm1882666
tt4010848,nm2331593
tt4015500,nm2060706
tt4026044,nm2520373
tt4031126,nm0484314
tt4034228,nm0518836
tt4037876,nm0813786
tt4045894,nm3146718
tt4048272,nm0011752
tt4054008,nm0501165
tt4059652,nm2177970
tt4061944,nm2021984
tt4062896,nm1655252
tt4064912,nm2493004
tt4067062,nm2758687
tt4073304,nm1241580
tt4073790,nm0950775
tt4074928,nm0317834
tt4076926,nm4966249
tt4076926,nm4059614
tt4076926,nm1185422
tt4076926,nm2838508
tt4076926,nm4671160
tt4076926,nm3430702
tt4080728,nm0391502
tt4082314,nm4462007
tt4082644,nm1884065
tt4102722,nm1243970
tt4105584,nm2280443
tt4109632,nm0016074
tt4114302,nm2623713
tt4114302,nm0463316
tt4117326,nm1531243
tt4119054,nm1622138
tt4119054,nm4535467
tt4119208,nm4644049
tt4123430,nm0946734
tt4123650,nm3774970
tt4125372,nm0262561
tt4125654,nm6848725
tt4126434,nm6406771
tt4126694,nm6850073
tt4131496,nm0638679
tt4132190,nm1054636
tt4134826,nm3172762
tt4138254,nm0721351
tt4144350,nm5141259
tt4153828,nm0351921
tt4153828,nm1819612
tt4154756,nm0751577
tt4154756,nm0751648
tt4154796,nm0751577
tt4154796,nm0751648
tt4155534,nm0051643
tt4155534,nm1762349
tt4155534,nm1445824
tt4157510,nm5093086
tt4158096,nm1296554
tt4158594,nm4285728
tt4161376,nm5141259
tt4161376,nm6880481
tt4161376,nm10150409
tt4161376,nm6880484
tt4161376,nm6880485
tt4161376,nm6864997
tt4162860,nm1756579
tt4177856,nm4488703
tt4180556,nm0112498
tt4180560,nm0161330
tt4191486,nm1199352
tt4191702,nm0147737
tt4207196,nm3934670
tt4209174,nm6921776
tt4211312,nm2975353
tt4211312,nm1361000
tt4215674,nm6719069
tt4217392,nm0867262
tt4217878,nm0598706
tt4218572,nm2588606
tt4218998,nm5310133
tt4225092,nm3781891
tt4225092,nm0107780
tt4225092,nm3893092
tt4225092,nm4259291
tt4225092,nm3697799
tt4225092,nm6149501
tt4225622,nm0629334
tt4227282,nm0046480
tt4229864,nm1743408
tt4230078,nm1125815
tt4238858,nm2326407
tt4247440,nm0503767
tt4249580,nm3281213
tt4255304,nm2860882
tt4255304,nm2725627
tt4264610,nm3239138
tt4266076,nm9572719
tt4269118,nm0001177
tt4274656,nm0690770
tt4279116,nm1583696
tt4280540,nm2526715
tt4281724,nm2093171
tt4282872,nm5177110
tt4287778,nm0994603
tt4288674,nm1458855
tt4291116,nm2027655
tt4294970,nm1166930
tt4294970,nm1407581
tt4295258,nm1962311
tt4300776,nm7007111
tt4305148,nm0811611
tt4312842,nm2371540
tt4312842,nm6167154
tt4313982,nm4303911
tt4314716,nm1474879
tt4323568,nm0434571
tt4334266,nm3235877
tt4334642,nm1906725
tt4335954,nm7039575
tt4340072,nm1117510
tt4351548,nm5399468
tt4356480,nm1184336
tt4357394,nm1730090
tt4360924,nm4978663
tt4361376,nm2359944
tt4369136,nm4918674
tt4371680,nm7065035
tt4371680,nm7065036
tt4374286,nm4259348
tt4399590,nm3786304
tt4399952,nm1746948
tt4418152,nm3240432
tt4420040,nm0276169
tt4422164,nm7101998
tt4423778,nm2607125
tt4423984,nm7103755
tt4424292,nm5246174
tt4424292,nm4895698
tt4425200,nm0821432
tt4426464,nm0005616
tt4443658,nm2577199
tt4445490,nm6997094
tt4453756,nm7372422
tt4454834,nm0059277
tt4457344,nm1826889
tt4460624,nm0249210
tt4461676,nm1502868
tt4463894,nm1103162
tt4468634,nm0716980
tt4468740,nm1653753
tt4469518,nm3497932
tt4469518,nm1057010
tt4470288,nm4738404
tt4473378,nm2968402
tt4477536,nm0001226
tt4480398,nm0923959
tt4481514,nm1157527
tt4482572,nm4179756
tt4485806,nm4335588
tt4486838,nm4432273
tt4488744,nm3344880
tt4488744,nm2683029
tt4489562,nm1319499
tt4490220,nm3806890
tt4494094,nm1831657
tt4494382,nm0650637
tt4494382,nm1823279
tt4494718,nm0001804
tt4497686,nm5063717
tt4497978,nm7166640
tt4497978,nm7166641
tt4498604,nm0003458
tt4498760,nm4586881
tt4499228,nm0441099
tt4504044,nm1130275
tt4505994,nm1337562
tt4513316,nm0079448
tt4513538,nm1672561
tt4514646,nm2608022
tt4516352,nm4097598
tt4517450,nm0643247
tt4518962,nm0431871
tt4519400,nm0994275
tt4520518,nm0427478
tt4520924,nm1563341
tt4522922,nm0085791
tt4523910,nm0305558
tt4532826,nm1163264
tt4537896,nm1312919
tt4538294,nm3746400
tt4539140,nm1345081
tt4540384,nm2167230
tt4544696,nm7210242
tt4547938,nm7214191
tt4551318,nm0464846
tt4554186,nm2182524
tt4556370,nm2157767
tt4557956,nm0855188
tt4560008,nm2868171
tt4560926,nm0528426
tt4565520,nm0000513
tt4566780,nm3419080
tt4568478,nm1585860
tt4572514,nm0000916
tt4572700,nm3749181
tt4574654,nm5859010
tt4575576,nm0286975
tt4575930,nm0487567
tt4578050,nm0237527
tt4578910,nm1030706
tt4580550,nm0710272
tt4584718,nm4919063
tt4587656,nm3302450
tt4587780,nm0852363
tt4588594,nm1711449
tt4590092,nm3803909
tt4591840,nm0255710
tt4594836,nm0621993
tt4600952,nm3550361
tt4601504,nm0122044
tt4610378,nm0003400
tt4614612,nm0005139
tt4614936,nm0482438
tt4615318,nm0383343
tt4622512,nm0206760
tt4622512,nm0267512
tt4622682,nm0616673
tt4625324,nm3106449
tt4627352,nm0005628
tt4630562,nm0336620
tt4631100,nm1760800
tt4633694,nm2130108
tt4633694,nm0709056
tt4633694,nm0745247
tt4637878,nm0837009
tt4649466,nm0891216
tt4653818,nm1154951
tt4653950,nm0630057
tt4654472,nm2133257
tt4656810,nm2284169
tt4660172,nm0483192
tt4662396,nm2751807
tt4663548,nm0326837
tt4664244,nm0172016
tt4669296,nm0959774
tt4669788,nm0001460
tt4670016,nm0502954
tt4675986,nm3734520
tt4680182,nm1443023
tt4680980,nm1424878
tt4682788,nm0508208
tt4685636,nm7704725
tt4685636,nm2591840
tt4685636,nm2932959
tt4685806,nm1950060
tt4686108,nm0753526
tt4686844,nm0406334
tt4687410,nm2759405
tt4688294,nm0274842
tt4693358,nm2279930
tt4693612,nm1416796
tt4696310,nm0989197
tt4697228,nm2934181
tt4700872,nm4716316
tt4700872,nm3745127
tt4701906,nm1618692
tt4702826,nm1593204
tt4703182,nm0036537
tt4711924,nm1989547
tt4712076,nm4227232
tt4714782,nm0000801
tt4717644,nm1729447
tt4720702,nm5732579
tt4720702,nm5722382
tt4721124,nm1659505
tt4721404,nm2749225
tt4723718,nm7360351
tt4723724,nm0002692
tt4725842,nm1618621
tt4726636,nm0241622
tt4726988,nm0138759
tt4727128,nm0307981
tt4729642,nm3307804
tt4729790,nm1597823
tt4730224,nm5078817
tt4731148,nm0094080
tt4733640,nm0575726
tt4736486,nm0148053
tt4738174,nm0221662
tt4741376,nm0216816
tt4741768,nm3019669
tt4743226,nm5684993
tt4747380,nm4553400
tt4761916,nm0839812
tt4762824,nm2095817
tt4765284,nm2586324
tt4765870,nm2441292
tt4766630,nm0825973
tt4768160,nm3754584
tt4768586,nm5963396
tt4772856,nm8468135
tt4773054,nm7391788
tt4773438,nm2279646
tt4776998,nm0313623
tt4777004,nm1586120
tt4777008,nm1461392
tt4778424,nm3929133
tt4779026,nm1286934
tt4782322,nm3416937
tt4786132,nm3495453
tt4788744,nm0784805
tt4789822,nm4674346
tt4792524,nm1449526
tt4797490,nm1448482
tt4799064,nm1088485
tt4801456,nm3583561
tt4810964,nm7349096
tt4815122,nm3246780
tt4815122,nm3244731
tt4823122,nm1292891
tt4823538,nm1000616
tt4824256,nm2495167
tt4824316,nm0005522
tt4827442,nm7394582
tt4827986,nm3592235
tt4828330,nm7370305
tt4835676,nm2658741
tt4835894,nm2005950
tt4836110,nm3406099
tt4836580,nm8756455
tt4837074,nm3887268
tt4839414,nm3553138
tt4839458,nm6831981
tt4842646,nm0641373
tt4843618,nm0611983
tt4844140,nm2355933
tt4846232,nm1343394
tt4846340,nm0577647
tt4851570,nm1849326
tt4862190,nm3769280
tt4862506,nm1468487
tt4866214,nm6371735
tt4874812,nm3273103
tt4875962,nm3759164
tt4875962,nm6063725
tt4877122,nm1902232
tt4877606,nm2593537
tt4880630,nm2043473
tt4881362,nm5339365
tt4881806,nm1291105
tt4886942,nm10563726
tt4898602,nm1172024
tt4899370,nm1363250
tt4902260,nm0117005
tt4906960,nm0527453
tt4909602,nm1271703
tt4910232,nm4147334
tt4912622,nm1515311
tt4912622,nm1516293
tt4916744,nm1562288
tt4925292,nm1950086
tt4927984,nm3397365
tt4929720,nm3225709
tt4932388,nm1267569
tt4933410,nm0408644
tt4936122,nm4132885
tt4940416,nm1074134
tt4942270,nm1350587
tt4943620,nm3980314
tt4943620,nm7529356
tt4943706,nm3703401
tt4943706,nm3047533
tt4948838,nm1379105
tt4949288,nm3947269
tt4949290,nm0915394
tt4949324,nm1363374
tt4950192,nm1138158
tt4952054,nm0994402
tt4955566,nm1667854
tt4956376,nm5604086
tt4958448,nm2091911
tt4959440,nm0523363
tt4964788,nm1410815
tt4966046,nm7916459
tt4968782,nm0056048
tt4969672,nm6192966
tt4971258,nm4766248
tt4971344,nm0002191
tt4974254,nm5188870
tt4974616,nm2652686
tt4975722,nm1503575
tt4975920,nm0000352
tt4985848,nm1698245
tt4986830,nm7559075
tt4990516,nm4492920
tt4991512,nm1383301
tt4994992,nm2101400
tt4997036,nm0293822
tt5000698,nm1876813
tt5003186,nm1981567
tt5004766,nm1038878
tt5004766,nm4180240
tt5009286,nm1802267
tt5010982,nm3265510
tt5013008,nm3172019
tt5013782,nm0237802
tt5025550,nm0770018
tt5027116,nm0127804
tt5028340,nm0551128
tt5028598,nm0304599
tt5029220,nm1457169
tt5029608,nm0654830
tt5031108,nm4699374
tt5033290,nm0771079
tt5037626,nm2345041
tt5039416,nm0676956
tt5039578,nm0000670
tt5039994,nm4082531
tt5040202,nm0171825
tt5044656,nm2429517
tt5044656,nm2437595
tt5045746,nm3277399
tt5046500,nm6372816
tt5048406,nm2908724
tt5050328,nm0655646
tt5050788,nm2738818
tt5052474,nm1356588
tt5053156,nm3570082
tt5056842,nm2437595
tt5056842,nm2429517
tt5060166,nm3770947
tt5061564,nm3173663
tt5062938,nm6995804
tt5065346,nm5256457
tt5065762,nm0702148
tt5066056,nm0364578
tt5067984,nm0128464
tt5070240,nm7618959
tt5072336,nm0729086
tt5072612,nm0859662
tt5072852,nm5468797
tt5075662,nm2235400
tt5076054,nm1840944
tt5078886,nm1226504
tt5081606,nm2273232
tt5083366,nm7167050
tt5083738,nm0487166
tt5084198,nm3361397
tt5084198,nm0793840
tt5087564,nm0503641
tt5088528,nm2721562
tt5089068,nm3353044
tt5091530,nm3399862
tt5091612,nm0240995
tt5093026,nm1840064
tt5094192,nm1666445
tt5095030,nm0715636
tt5095830,nm3426627
tt5095830,nm5079177
tt5095830,nm2615605
tt5095830,nm1642664
tt5095830,nm1642665
tt5095830,nm3569963
tt5096846,nm6381192
tt5101878,nm1253674
tt5104330,nm4816054
tt5109784,nm0004716
tt5110386,nm3954500
tt5110386,nm0870920
tt5111550,nm4235335
tt5112578,nm2023590
tt5117372,nm3192201
tt5117428,nm2197777
tt5117484,nm7629684
tt5117484,nm1672561
tt5119116,nm0531595
tt5120010,nm0198746
tt5120400,nm1084328
tt5121816,nm0407067
tt5122092,nm4781704
tt5126178,nm3250749
tt5130442,nm1722785
tt5136686,nm3504975
tt5143890,nm0299923
tt5144374,nm2113644
tt5145662,nm0614336
tt5152606,nm2092442
tt5152640,nm3480730
tt5153236,nm0394199
tt5153288,nm0283377
tt5153860,nm2515111
tt5157326,nm1007136
tt5159414,nm1820881
tt5160928,nm1137388
tt5160938,nm1646022
tt5161018,nm0307147
tt5161058,nm4069291
tt5164184,nm1396104
tt5164432,nm0075528
tt5165620,nm3225170
tt5170810,nm0900251
tt5175274,nm2434921
tt5176832,nm6268103
tt5178964,nm0031342
tt5180240,nm0029458
tt5181852,nm1721503
tt5186236,nm0906667
tt5187886,nm0074311
tt5189770,nm2409176
tt5189770,nm4932870
tt5189894,nm0351772
tt5194504,nm0283844
tt5195412,nm0842523
tt5198670,nm0234506
tt5198796,nm0660460
tt5200232,nm7729119
tt5201142,nm2876682
tt5204636,nm2534343
tt5205256,nm0894787
tt5207004,nm5914474
tt5207158,nm1911624
tt5210324,nm1981110
tt5213870,nm1156199
tt5216674,nm3417120
tt5218736,nm7668902
tt5220078,nm1953143
tt5220252,nm0225416
tt5222918,nm0442454
tt5224356,nm7749862
tt5224746,nm0453330
tt5225428,nm5685519
tt5226192,nm2981113
tt5226984,nm1933648
tt5230380,nm5735886
tt5231992,nm1265240
tt5232294,nm2713831
tt5238904,nm0613981
tt5239558,nm2283926
tt5240258,nm1122457
tt5240730,nm0507746
tt5242548,nm0691223
tt5242684,nm1543762
tt5244974,nm2032296
tt5247704,nm0458251
tt5247768,nm0844444
tt5247776,nm0772522
tt5258074,nm1761677
tt5258128,nm0502671
tt5258726,nm0007066
tt5259236,nm1984934
tt5259498,nm3635493
tt5259598,nm5619726
tt5260026,nm3676803
tt5265980,nm1066175
tt5266470,nm6136445
tt5270948,nm0192845
tt5275128,nm6591494
tt5278886,nm2383715
tt5280684,nm2148858
tt5281700,nm0012137
tt5283288,nm0832187
tt5286268,nm0099797
tt5287168,nm1840544
tt5287914,nm2080179
tt5289520,nm0135952
tt5291604,nm2375970
tt5291976,nm1517180
tt5293604,nm0619073
tt5294518,nm1164602
tt5294550,nm0000631
tt5301544,nm1224940
tt5301662,nm0399737
tt5302150,nm0155940
tt5303442,nm0611683
tt5304464,nm0359734
tt5304992,nm0768957
tt5308364,nm2131687
tt5309844,nm1643821
tt5310412,nm0092514
tt5313906,nm1438228
tt5313906,nm4214224
tt5313922,nm0190866
tt5314190,nm4175844
tt5316540,nm2351920
tt5319656,nm1218863
tt5319866,nm0156828
tt5322012,nm0502954
tt5325492,nm3545127
tt5325604,nm6686677
tt5325684,nm1959662
tt5326138,nm2872873
tt5326364,nm3503229
tt5328952,nm0715781
tt5329852,nm1749624
tt5331532,nm0894178
tt5334076,nm7388685
tt5335682,nm2551392
tt5339894,nm7838284
tt5342650,nm3460905
tt5342950,nm2448852
tt5345806,nm0950426
tt5347122,nm2556702
tt5351458,nm3838717
tt5352846,nm1028302
tt5356670,nm0726651
tt5361326,nm1143429
tt5362988,nm0792263
tt5371266,nm2089231
tt5374002,nm7745316
tt5375434,nm0989305
tt5375434,nm0988803
tt5390066,nm1591542
tt5390246,nm0003458
tt5396646,nm0436379
tt5397194,nm0629272
tt5420870,nm0784808
tt5424898,nm3155092
tt5427194,nm0573732
tt5428090,nm0295642
tt5431082,nm2689344
tt5431890,nm0004303
tt5431946,nm0369517
tt5432114,nm0397927
tt5432114,nm2727412
tt5432712,nm5549531
tt5432712,nm5739373
tt5432712,nm5739362
tt5432712,nm5739368
tt5435476,nm1227484
tt5437928,nm0922903
tt5439424,nm3278010
tt5439796,nm0001752
tt5442456,nm0810706
tt5442626,nm0691061
tt5450328,nm1192470
tt5450524,nm0326995
tt5451118,nm0918326
tt5451640,nm3265368
tt5453522,nm2686509
tt5455410,nm1985352
tt5456706,nm0126802
tt5457078,nm3193294
tt5457484,nm2096009
tt5457656,nm6408301
tt5459382,nm1729068
tt5459382,nm1729072
tt5460118,nm0704517
tt5460530,nm0552565
tt5461956,nm1996918
tt5462906,nm0533666
tt5467554,nm1880984
tt5467852,nm0814469
tt5468018,nm1011775
tt5471258,nm0172718
tt5471472,nm1153918
tt5475734,nm1352510
tt5475734,nm10045420
tt5476944,nm0994244
tt5476944,nm4072722
tt5478478,nm0178376
tt5479616,nm1878916
tt5480782,nm1824290
tt5480782,nm2193400
tt5485482,nm0478713
tt5485522,nm2215563
tt5490310,nm0910460
tt5490470,nm1054376
tt5492502,nm3899315
tt5493404,nm5390834
tt5497852,nm2222802
tt5501104,nm4389150
tt5501124,nm7954017
tt5507934,nm1531221
tt5508576,nm0994562
tt5511970,nm7963663
tt5512160,nm2469894
tt5515670,nm1367560
tt5516328,nm0246037
tt5516404,nm2264272
tt5517708,nm0596347
tt5518756,nm0478418
tt5519340,nm0043742
tt5522310,nm4264029
tt5523010,nm0002120
tt5523010,nm0002653
tt5524630,nm0442287
tt5528282,nm0133981
tt5532370,nm2061192
tt5535436,nm1665676
tt5536736,nm0000876
tt5537228,nm3403118
tt5538118,nm4393512
tt5538568,nm2690651
tt5539052,nm0285379
tt5539466,nm0099841
tt5539924,nm0451098
tt5541002,nm1010601
tt5541206,nm1436684
tt5541240,nm0637497
tt5543604,nm4896861
tt5544384,nm2423816
tt5544662,nm1202980
tt5545254,nm2114789
tt5545254,nm0908587
tt5546300,nm0099398
tt5547910,nm4028462
tt5553962,nm4261164
tt5560592,nm2502457
tt5563862,nm0445063
tt5564336,nm6269988
tt5566778,nm8011325
tt5566790,nm0906476
tt5569344,nm2730700
tt5572232,nm0564678
tt5575258,nm8017363
tt5577494,nm2703824
tt5577742,nm6366015
tt5578150,nm3188528
tt5580252,nm5654013
tt5580252,nm3405796
tt5580252,nm1265427
tt5580252,nm4358606
tt5580252,nm4565028
tt5580252,nm3640001
tt5580390,nm0868219
tt5580602,nm3285470
tt5583554,nm3961347
tt5584732,nm0752328
tt5584756,nm0016475
tt5584782,nm2290905
tt5586362,nm4191929
tt5591666,nm2298645
tt5592248,nm0001068
tt5592796,nm0358327
tt5592878,nm4807465
tt5594444,nm2610800
tt5597198,nm7397878
tt5598100,nm8381788
tt5598100,nm2120560
tt5606538,nm6530002
tt5607714,nm0258221
tt5607782,nm1757671
tt5608000,nm1621625
tt5610554,nm0718646
tt5610950,nm1486721
tt5612554,nm8052572
tt5612564,nm2992403
tt5613402,nm4451779
tt5614612,nm0387976
tt5618160,nm4840973
tt5618752,nm0523665
tt5622412,nm0665951
tt5622660,nm4362775
tt5624838,nm2609716
tt5628418,nm3511659
tt5628792,nm0502133
tt5631456,nm1738698
tt5634088,nm1149322
tt5634406,nm2583365
tt5634960,nm0794971
tt5634962,nm0000655
tt5636222,nm0007622
tt5636668,nm1970591
tt5638642,nm1410159
tt5638952,nm6337069
tt5639354,nm0133326
tt5639410,nm5243868
tt5639410,nm8380292
tt5641246,nm8075419
tt5641832,nm2373304
tt5644062,nm5406453
tt5645536,nm2091448
tt5651338,nm1312629
tt5653514,nm1776860
tt5655222,nm1417640
tt5657280,nm1484768
tt5657776,nm2779187
tt5657856,nm0951975
tt5658242,nm0389083
tt5662288,nm1315595
tt5662550,nm0191242
tt5662550,nm0934698
tt5665022,nm5084422
tt5665022,nm2071123
tt5665256,nm0125887
tt5666304,nm1337885
tt5667296,nm3336107
tt5667516,nm2654350
tt5667650,nm4899218
tt5668850,nm3613729
tt5672952,nm3709340
tt5673432,nm8106825
tt5674698,nm3790284
tt5675828,nm3195562
tt5678732,nm6126841
tt5685006,nm3442182
tt5685006,nm1508445
tt5687270,nm2151723
tt5687334,nm0371890
tt5687380,nm3626376
tt5687414,nm5845139
tt5687424,nm2076409
tt5687814,nm3504405
tt5688178,nm2889953
tt5688868,nm1414398
tt5689632,nm0714246
tt5690360,nm1234893
tt5690810,nm2113122
tt5690992,nm0164187
tt5691084,nm1156199
tt5692390,nm1228976
tt5693136,nm1534594
tt5693136,nm1531686
tt5693562,nm2432984
tt5696326,nm0192289
tt5697722,nm1906442
tt5698320,nm2272926
tt5698986,nm1122945
tt5699154,nm0619923
tt5699154,nm0865918
tt5700176,nm1163237
tt5700182,nm4540790
tt5701718,nm1032754
tt5706876,nm4286760
tt5706876,nm8130839
tt5707048,nm3221896
tt5708028,nm4981904
tt5715234,nm3507609
tt5715828,nm3461766
tt5716438,nm1759159
tt5716464,nm0785227
tt5717492,nm1414810
tt5723028,nm3081350
tt5723272,nm0015359
tt5723286,nm1423438
tt5723416,nm2623609
tt5724948,nm0531954
tt5726616,nm0345174
tt5727136,nm2101007
tt5727282,nm2178458
tt5729348,nm2008414
tt5730248,nm5262488
tt5732530,nm0647099
tt5734548,nm4540485
tt5735280,nm4017355
tt5736592,nm2650866
tt5737862,nm3521871
tt5738830,nm5594597
tt5739586,nm3973064
tt5740806,nm2035204
tt5742306,nm6264179
tt5742932,nm2680737
tt5743888,nm2577595
tt5748392,nm1088478
tt5749956,nm3686065
tt5750534,nm3794230
tt5751998,nm1532523
tt5751998,nm1534497
tt5752524,nm1171547
tt5752606,nm0121871
tt5755280,nm5156926
tt5755280,nm2632302
tt5756126,nm4023420
tt5759434,nm0000806
tt5762180,nm8176058
tt5764024,nm1249945
tt5765144,nm2919747
tt5765192,nm0002167
tt5768208,nm0200500
tt5770620,nm0414337
tt5771010,nm3380613
tt5775220,nm1242277
tt5776858,nm0000759
tt5778092,nm1185294
tt5779372,nm0485878
tt5780484,nm4992626
tt5781458,nm1113735
tt5781458,nm4179560
tt5782040,nm0700293
tt5782146,nm2317803
tt5783476,nm0840905
tt5783956,nm1847738
tt5784860,nm0536705
tt5785116,nm3797575
tt5785200,nm0122216
tt5785200,nm0122217
tt5789976,nm1016428
tt5790534,nm0049033
tt5791094,nm3108153
tt5791442,nm0541391
tt5792656,nm5917942
tt5795752,nm1883647
tt5796156,nm2444473
tt5796838,nm3584231
tt5797756,nm1883724
tt5797820,nm2709019
tt5798330,nm1871393
tt5798432,nm0804353
tt5801242,nm2011733
tt5803528,nm0775097
tt5804946,nm0603588
tt5805470,nm2279646
tt5806506,nm0501165
tt5806646,nm1401177
tt5810122,nm2970236
tt5810368,nm0370912
tt5811512,nm3685590
tt5813948,nm1060997
tt5814060,nm2379028
tt5814592,nm0006845
tt5815492,nm0879559
tt5816682,nm0001241
tt5817022,nm1225921
tt5820148,nm4091941
tt5820466,nm5447183
tt5821150,nm3147991
tt5822140,nm0701603
tt5822148,nm1039438
tt5822154,nm0463581
tt5822160,nm2043837
tt5822564,nm0075696
tt5822690,nm1210668
tt5822712,nm6840460
tt5825052,nm1126428
tt5825150,nm0500988
tt5826432,nm2618764
tt5827212,nm1732946
tt5827212,nm1729104
tt5829104,nm0636940
tt5833186,nm0514546
tt5834262,nm1510800
tt5834362,nm5991424
tt5834660,nm0907835
tt5834800,nm2303666
tt5834854,nm0003922
tt5836246,nm3624676
tt5837242,nm8244607
tt5837976,nm4894287
tt5839938,nm1039140
tt5841344,nm0523323
tt5843670,nm3228270
tt5843670,nm1793586
tt5843780,nm5090040
tt5843850,nm2197025
tt5846628,nm1885532
tt5846644,nm0227625
tt5847768,nm2275259
tt5848272,nm1601882
tt5848272,nm0601781
tt5848416,nm3440937
tt5848640,nm0478172
tt5848862,nm2170526
tt5851014,nm0425364
tt5855164,nm6503857
tt5855440,nm0351021
tt5856116,nm1234345
tt5859238,nm0002253
tt5859352,nm6599086
tt5859352,nm4296484
tt5860550,nm1378916
tt5862166,nm4209533
tt5862166,nm0303032
tt5862312,nm0687042
tt5863566,nm2769712
tt5864904,nm0013138
tt5865326,nm0001752
tt5866442,nm3719393
tt5866930,nm0298691
tt5870084,nm0070685
tt5872472,nm2677390
tt5873100,nm0004886
tt5873216,nm4354445
tt5876322,nm1953143
tt5876412,nm2887834
tt5878326,nm2680357
tt5879216,nm3927153
tt5883020,nm0950834
tt5883570,nm0994538
tt5884052,nm1224299
tt5886216,nm0415852
tt5889292,nm1034909
tt5890000,nm0944937
tt5891122,nm3564648
tt5891348,nm5326250
tt5891704,nm2295474
tt5892746,nm8870020
tt5896934,nm5535238
tt5897108,nm4802373
tt5897288,nm3319289
tt5897636,nm3427032
tt5902484,nm0711745
tt5903088,nm1737241
tt5903232,nm4407467
tt5904182,nm5759169
tt5905008,nm7301635
tt5908294,nm6235008
tt5910344,nm1412045
tt5910350,nm3252853
tt5911032,nm6155278
tt5911546,nm7737044
tt5912150,nm1598347
tt5913968,nm0893116
tt5917052,nm3221483
tt5918074,nm1234298
tt5922124,nm2809465
tt5923026,nm3029226
tt5923752,nm2664384
tt5924114,nm3973908
tt5929750,nm0037708
tt5929754,nm0200452
tt5931670,nm3507609
tt5931802,nm2911203
tt5932502,nm4122551
tt5932894,nm3158271
tt5933560,nm0123353
tt5933840,nm0226151
tt5933966,nm0848838
tt5935196,nm4303133
tt5935196,nm5960268
tt5936492,nm2347373
tt5936866,nm1415540
tt5940448,nm4781704
tt5942864,nm1625151
tt5946668,nm1909842
tt5946936,nm2538739
tt5946936,nm4541315
tt5947364,nm0452221
tt5949038,nm7441188
tt5952138,nm4945419
tt5952238,nm0851752
tt5952594,nm0166438
tt5956006,nm1001051
tt5959698,nm3124865
tt5960386,nm1736793
tt5961314,nm8358246
tt5963066,nm4937855
tt5966602,nm4021775
tt5968274,nm1033517
tt5968394,nm1012501
tt5969404,nm0826541
tt5969846,nm0268543
tt5972780,nm0703228
tt5973032,nm0814469
tt5973364,nm1891632
tt5973658,nm5078435
tt5974388,nm4092213
tt5974780,nm0517521
tt5975354,nm2015017
tt5978194,nm7207144
tt5978724,nm3394592
tt5980638,nm4774823
tt5982852,nm1378015
tt5983262,nm3745186
tt5985052,nm2873754
tt5986246,nm1309724
tt5988216,nm5074783
tt5988370,nm1760911
tt5989220,nm0393254
tt5990066,nm3616958
tt5990956,nm2759628
tt5992114,nm3179812
tt5992138,nm2205548
tt5992202,nm0106620
tt5994894,nm2691863
tt5996682,nm0876783
tt5996836,nm8386553
tt5997928,nm3672712
tt5999530,nm0475905
tt6002522,nm0892400
tt6003368,nm0101047
tt6006924,nm5472963
tt6009104,nm0957794
tt6010020,nm1924976
tt6010240,nm1464314
tt6010630,nm6981787
tt6010828,nm3643363
tt6012792,nm0029242
tt6013186,nm5835519
tt6017312,nm8400459
tt6017926,nm6470777
tt6018306,nm0000500
tt6018556,nm4596095
tt6018556,nm4015368
tt6022174,nm2662500
tt6022946,nm2049672
tt6023386,nm6631654
tt6025224,nm8387433
tt6025806,nm0453262
tt6028796,nm1482161
tt6032328,nm0425756
tt6032878,nm8411910
tt6033536,nm3140608
tt6034550,nm2347684
tt6034774,nm6202776
tt6034966,nm0840485
tt6038168,nm0903177
tt6039372,nm4332422
tt6040662,nm0264236
tt6041312,nm4369743
tt6042062,nm8360126
tt6045466,nm1923551
tt6046314,nm0919369
tt6048930,nm1639277
tt6049106,nm1281628
tt6050396,nm0626686
tt6053438,nm0001707
tt6053440,nm3265508
tt6053938,nm0317834
tt6054650,nm3220732
tt6054710,nm1305157
tt6054846,nm1650283
tt6055082,nm1888121
tt6055450,nm1953143
tt6059074,nm0030791
tt6060156,nm1695278
tt6060960,nm3396820
tt6061558,nm0121203
tt6063024,nm1883583
tt6065246,nm0478713
tt6067752,nm1335387
tt6069126,nm0767289
tt6069162,nm2078734
tt6069668,nm1136120
tt6074358,nm0739979
tt6075764,nm2432984
tt6076226,nm1027685
tt6078840,nm2620778
tt6078842,nm0793944
tt6079702,nm0134112
tt6080746,nm0223606
tt6080914,nm8454794
tt6082614,nm3401991
tt6083648,nm0006853
tt6084472,nm1873747
tt6085412,nm4787750
tt6086080,nm0937748
tt6086718,nm3163561
tt6089458,nm2692697
tt6089700,nm0253107
tt6093618,nm2848041
tt6094746,nm1468487
tt6094992,nm1672071
tt6095004,nm2177308
tt6095090,nm5276483
tt6095472,nm3006131
tt6095472,nm0723470
tt6096308,nm3136289
tt6096884,nm7898723
tt6096948,nm1763490
tt6097278,nm4297908
tt6097798,nm3537925
tt6097798,nm3537098
tt6097918,nm6835350
tt6098380,nm1406806
tt6099416,nm1953841
tt6099554,nm2597861
tt6101458,nm4368774
tt6103618,nm0510681
tt6104206,nm0340436
tt6105098,nm0269463
tt6106526,nm2007949
tt6106526,nm2823641
tt6106526,nm8412889
tt6106802,nm0632808
tt6107412,nm0184108
tt6107516,nm2271584
tt6108090,nm2378914
tt6109124,nm2572228
tt6113122,nm4082120
tt6115392,nm1193899
tt6115392,nm0134112
tt6115392,nm2045250
tt6116568,nm3976649
tt6117492,nm3478746
tt6122306,nm0831339
tt6123206,nm1078399
tt6126428,nm4821309
tt6127024,nm1286538
tt6131126,nm0411517
tt6131208,nm1954936
tt6131386,nm0040630
tt6131450,nm0001994
tt6132250,nm0969403
tt6132490,nm1012525
tt6133130,nm1286340
tt6133414,nm1768837
tt6133806,nm0112647
tt6134274,nm5615002
tt6138228,nm0457565
tt6138680,nm8501468
tt6138688,nm0483608
tt6138688,nm1618536
tt6140580,nm2812820
tt6141334,nm6969909
tt6143422,nm4244515
tt6143568,nm0455203
tt6143998,nm3401565
tt6144536,nm0069711
tt6144876,nm0767339
tt6147954,nm0996471
tt6148156,nm2566836
tt6148156,nm2575525
tt6148766,nm0764319
tt6148782,nm1580769
tt6149936,nm0740213
tt6151714,nm1032435
tt6151774,nm0946346
tt6153376,nm1497680
tt6153538,nm0769754
tt6155374,nm0004152
tt6155922,nm2120491
tt6157294,nm1050097
tt6157626,nm0155280
tt6157970,nm1126474
tt6160504,nm0796504
tt6162762,nm3332905
tt6164014,nm0712782
tt6164502,nm1834235
tt6164762,nm1248824
tt6165342,nm1697304
tt6165792,nm0442905
tt6165936,nm3035574
tt6168002,nm4273228
tt6170262,nm1454930
tt6170484,nm0401203
tt6172696,nm2662500
tt6173826,nm2903076
tt6173990,nm1030373
tt6174226,nm0615209
tt6174890,nm7909720
tt6175394,nm2979103
tt6175764,nm1641324
tt6177152,nm1456033
tt6179746,nm2644574
tt6182078,nm1135423
tt6183834,nm0545356
tt6184194,nm1093669
tt6185266,nm9097462
tt6185998,nm0784805
tt6186696,nm1703817
tt6186910,nm7342819
tt6188002,nm3302969
tt6188002,nm1880342
tt6188002,nm2749836
tt6188002,nm3536350
tt6188002,nm1379772
tt6188002,nm3301853
tt6189022,nm0006846
tt6190348,nm3061605
tt6190356,nm8185925
tt6193454,nm2337186
tt6194520,nm4355349
tt6194530,nm5674565
tt6194984,nm3078995
tt6195094,nm1052791
tt6196598,nm0863570
tt6196754,nm4550950
tt6197494,nm1033667
tt6197848,nm3031955
tt6200604,nm8547541
tt6200656,nm6173392
tt6203302,nm4628502
tt6203964,nm8549987
tt6204018,nm0391502
tt6204184,nm1513520
tt6204830,nm3091632
tt6205996,nm2364318
tt6206564,nm0003939
tt6206880,nm0613582
tt6207596,nm0644309
tt6207878,nm7522225
tt6208032,nm1715454
tt6208104,nm8553324
tt6208138,nm8525942
tt6209470,nm1802263
tt6209534,nm8554570
tt6210808,nm5120894
tt6211418,nm5971240
tt6211976,nm3106829
tt6212136,nm2485374
tt6212478,nm1717925
tt6212984,nm6229968
tt6213294,nm4189172
tt6213802,nm7162796
tt6213822,nm5971240
tt6213850,nm2769479
tt6213952,nm0573934
tt6215368,nm3640095
tt6215964,nm8559511
tt6217608,nm2125482
tt6217724,nm2171381
tt6218358,nm2160297
tt6218440,nm6603334
tt6218440,nm2549947
tt6218996,nm3710190
tt6219484,nm4402259
tt6221540,nm1797161
tt6223806,nm2619779
tt6224502,nm0945026
tt6225520,nm0620576
tt6227148,nm0313227
tt6227164,nm9557997
tt6227192,nm6427447
tt6228640,nm1655252
tt6229252,nm7922386
tt6230488,nm0398789
tt6237268,nm3451359
tt6237314,nm0163510
tt6237562,nm6143803
tt6237612,nm0425364
tt6237966,nm4174626
tt6237984,nm6836445
tt6238084,nm3875284
tt6238798,nm2145551
tt6239586,nm6576552
tt6241270,nm0816110
tt6241270,nm0896139
tt6241768,nm4732974
tt6242664,nm3268959
tt6243140,nm0041315
tt6243274,nm5391799
tt6244876,nm5749041
tt6247708,nm7509231
tt6247936,nm0173541
tt6250500,nm0903838
tt6251024,nm0644204
tt6251390,nm1108561
tt6253214,nm3290818
tt6253370,nm0443592
tt6253942,nm0155683
tt6255230,nm0446525
tt6256452,nm3069762
tt6256468,nm8589213
tt6257174,nm3034178
tt6257640,nm8590638
tt6259946,nm5748746
tt6260342,nm1847677
tt6261048,nm0002459
tt6263618,nm1635354
tt6264182,nm3272532
tt6265536,nm4628425
tt6268152,nm4772724
tt6268152,nm5784082
tt6269434,nm4373772
tt6269942,nm4340767
tt6270524,nm6233775
tt6270524,nm4712775
tt6275262,nm3962028
tt6275296,nm0386117
tt6278008,nm0865422
tt6278350,nm4377096
tt6280328,nm7916958
tt6280608,nm0572656
tt6280810,nm3189793
tt6281148,nm1252622
tt6281148,nm1250603
tt6281242,nm0974169
tt6281886,nm2500904
tt6284256,nm3401036
tt6285672,nm0004906
tt6286662,nm0494504
tt6286796,nm0846369
tt6288694,nm0282708
tt6289452,nm1158281
tt6293516,nm1179870
tt6294892,nm0942527
tt6295898,nm7415410
tt6296236,nm1376310
tt6296278,nm5688653
tt6298498,nm8622943
tt6302006,nm4999043
tt6303866,nm2151374
tt6304046,nm1258686
tt6304162,nm1168657
tt6306400,nm0144812
tt6313158,nm1699659
tt6313348,nm0955270
tt6314766,nm3380955
tt6314766,nm3469450
tt6315438,nm3744380
tt6315524,nm3525879
tt6315750,nm0948145
tt6315872,nm6064135
tt6315872,nm4485543
tt6315872,nm1500863
tt6316466,nm3636870
tt6317236,nm5910345
tt6318712,nm0097079
tt6318728,nm0607831
tt6323858,nm0654688
tt6323870,nm4943536
tt6324278,nm0191717
tt6324278,nm1392282
tt6327400,nm0917669
tt6328004,nm0546057
tt6328182,nm0707713
tt6328182,nm1575562
tt6329870,nm4849913
tt6330052,nm1435120
tt6333070,nm1626716
tt6334874,nm8645748
tt6335734,nm1482702
tt6336356,nm0948488
tt6336356,nm1099016
tt6340112,nm7121260
tt6340296,nm0586837
tt6340500,nm0766263
tt6340640,nm1252362
tt6342396,nm5567731
tt6342440,nm6465752
tt6343058,nm1454680
tt6343314,nm4023702
tt6347150,nm6162590
tt6350558,nm2127004
tt6353036,nm0356867
tt6353076,nm7497178
tt6355328,nm7319101
tt6355584,nm6475928
tt6357074,nm0898547
tt6357202,nm0937321
tt6358156,nm0107048
tt6359082,nm2096009
tt6360872,nm0437490
tt6363436,nm2081862
tt6363646,nm1408784
tt6365796,nm0210941
tt6368132,nm0613580
tt6369748,nm1086487
tt6370702,nm6844323
tt6373314,nm0772851
tt6378942,nm9655578
tt6384720,nm0188173
tt6384720,nm2563700
tt6384720,nm3888522
tt6384720,nm3848412
tt6384720,nm6935209
tt6384720,nm3091632
tt6384998,nm4224822
tt6386132,nm8682602
tt6386168,nm1195308
tt6386684,nm0221711
tt6386748,nm5305003
tt6386748,nm1458734
tt6387506,nm0922580
tt6389316,nm6810894
tt6389802,nm1703622
tt6390668,nm0014694
tt6390756,nm1702781
tt6396050,nm7776169
tt6398496,nm3653636
tt6400166,nm1389105
tt6400280,nm7925042
tt6400280,nm8258339
tt6400316,nm0795803
tt6402728,nm1114811
tt6404816,nm0197232
tt6405126,nm0576554
tt6407598,nm4174809
tt6408226,nm2035886
tt6409666,nm8696427
tt6409666,nm4504144
tt6409782,nm3151107
tt6410534,nm4490875
tt6410534,nm1920593
tt6410534,nm3877467
tt6411748,nm1114894
tt6412864,nm0393254
tt6413712,nm6447058
tt6415214,nm4928331
tt6415416,nm0844333
tt6417014,nm3208961
tt6417256,nm8879765
tt6418918,nm4804442
tt6421366,nm1295651
tt6423776,nm0219136
tt6423886,nm2972864
tt6423998,nm7842252
tt6424768,nm3465307
tt6425734,nm0037575
tt6426234,nm6356309
tt6426714,nm1302043
tt6426714,nm1295189
tt6430360,nm2133235
tt6433456,nm0278803
tt6433832,nm0575523
tt6437228,nm0572114
tt6437888,nm0585701
tt6438030,nm4816401
tt6438030,nm4263190
tt6438398,nm4114638
tt6439558,nm2204103
tt6443294,nm0000160
tt6444140,nm2003820
tt6445236,nm5231693
tt6445278,nm2048920
tt6445414,nm0467219
tt6450186,nm3401779
tt6450186,nm2296528
tt6450428,nm3136866
tt6455992,nm0942527
tt6456768,nm8729198
tt6458726,nm6615978
tt6461514,nm3954274
tt6461526,nm0155446
tt6461828,nm2064824
tt6462084,nm0023929
tt6463320,nm4138958
tt6463494,nm1477692
tt6464290,nm0058401
tt6464360,nm1312074
tt6467738,nm8737501
tt6469548,nm2006573
tt6470762,nm2910657
tt6471264,nm1480916
tt6471684,nm3568020
tt6472116,nm2193829
tt6472976,nm1682573
tt6474040,nm1519253
tt6474626,nm2325658
tt6475250,nm3045431
tt6479178,nm0285779
tt6481190,nm0919339
tt6484982,nm3536895
tt6485666,nm5961051
tt6489100,nm0617407
tt6490930,nm2288083
tt6491178,nm0951975
tt6493292,nm6157487
tt6493648,nm0945724
tt6493974,nm8753737
tt6494052,nm6650012
tt6495388,nm2114842
tt6496236,nm2934741
tt6496688,nm2371539
tt6497898,nm0887375
tt6499694,nm3514888
tt6499752,nm1191481
tt6506146,nm3151107
tt6506276,nm2031842
tt6512428,nm3686896
tt6513120,nm0580351
tt6513656,nm1921345
tt6514010,nm2418372
tt6514342,nm8767742
tt6515342,nm0506518
tt6515458,nm4999608
tt6515910,nm0771054
tt6516314,nm2073372
tt6516590,nm0531453
tt6517874,nm3452383
tt6518270,nm1671995
tt6520926,nm7977535
tt6520954,nm7861817
tt6521194,nm6995804
tt6522398,nm3008574
tt6522546,nm1436693
tt6522668,nm4085019
tt6522668,nm4116978
tt6523174,nm5802922
tt6523720,nm0026174
tt6524704,nm5126909
tt6527426,nm2399862
tt6527586,nm1190532
tt6532192,nm0704710
tt6532374,nm0662529
tt6535880,nm1399714
tt6535880,nm1456816
tt6537238,nm2568708
tt6537508,nm8784283
tt6538906,nm0991532
tt6540984,nm1876813
tt6543652,nm0667734
tt6544940,nm4183245
tt6545212,nm8790152
tt6547044,nm0047419
tt6547170,nm2357819
tt6547786,nm1396593
tt6548966,nm5895463
tt6556576,nm3249706
tt6556890,nm0515005
tt6558114,nm0025008
tt6563862,nm0244459
tt6565458,nm4735241
tt6565702,nm1334526
tt6566768,nm4462129
tt6566830,nm2287168
tt6567406,nm8803752
tt6568188,nm1050216
tt6568190,nm3108153
tt6569546,nm1768180
tt6571110,nm5175152
tt6572702,nm1637852
tt6574272,nm1479854
tt6574480,nm4479296
tt6576288,nm0695196
tt6576556,nm0470081
tt6577798,nm8810168
tt6577814,nm4103710
tt6580380,nm2745683
tt6580972,nm1883042
tt6582784,nm3504356
tt6589292,nm1738702
tt6590856,nm2247061
tt6591520,nm0375551
tt6591584,nm0528173
tt6593240,nm0163022
tt6596454,nm1888700
tt6596630,nm0313652
tt6596796,nm0711579
tt6597454,nm0508277
tt6597688,nm8819812
tt6598072,nm3525861
tt6598514,nm0637105
tt6599742,nm1013662
tt6601502,nm2843837
tt6609010,nm5111893
tt6610158,nm0569653
tt6613812,nm6252943
tt6613814,nm2349060
tt6613932,nm4408564
tt6614914,nm0655556
tt6616286,nm8021338
tt6616800,nm2053461
tt6619188,nm0333983
tt6620238,nm8833077
tt6620266,nm8833128
tt6622902,nm3629099
tt6622982,nm3526488
tt6623390,nm6840460
tt6624312,nm0000490
tt6628102,nm0149196
tt6628228,nm4914661
tt6628386,nm3829083
tt6628394,nm1206844
tt6632664,nm0239477
tt6642396,nm7393769
tt6642396,nm6832369
tt6642814,nm1703877
tt6644632,nm7331430
tt6645154,nm0427136
tt6650364,nm0893447
tt6651118,nm1104113
tt6652330,nm0245677
tt6654316,nm0271815
tt6656734,nm8852783
tt6659936,nm0584198
tt6660112,nm4354459
tt6660238,nm1928500
tt6662736,nm3131342
tt6663582,nm2573005
tt6664784,nm6768432
tt6665904,nm0745510
tt6666648,nm0010653
tt6667268,nm1167591
tt6667360,nm0025435
tt6671244,nm1415482
tt6671850,nm0949558
tt6672238,nm5930593
tt6675400,nm3280849
tt6676028,nm4364444
tt6679412,nm0602370
tt6679794,nm0533284
tt6680730,nm2052419
tt6680752,nm3706826
tt6680792,nm4097598
tt6682424,nm0598946
tt6682904,nm4832074
tt6684714,nm0233078
tt6684884,nm0000915
tt6685596,nm0165866
tt6685596,nm0216858
tt6685596,nm0821128
tt6686700,nm0023355
tt6688018,nm6363740
tt6688022,nm2000954
tt6688022,nm4054205
tt6688354,nm1201747
tt6688354,nm3159880
tt6688354,nm3868633
tt6688354,nm1072411
tt6688354,nm3299248
tt6688354,nm2015221
tt6689734,nm0436382
tt6690234,nm3446789
tt6690310,nm0538320
tt6690310,nm1573851
tt6692022,nm3726542
tt6692926,nm3966897
tt6693150,nm6783037
tt6695212,nm1486975
tt6696124,nm1300689
tt6697468,nm4939794
tt6697556,nm7339804
tt6697582,nm1738966
tt6697640,nm2017234
tt6699860,nm1516572
tt6704776,nm0850173
tt6704898,nm0170043
tt6705612,nm3590210
tt6705640,nm4731418
tt6705860,nm2719270
tt6707906,nm8882493
tt6709502,nm1088868
tt6710826,nm3155454
tt6712014,nm1805326
tt6712026,nm0433895
tt6716912,nm1782593
tt6722030,nm1938064
tt6726070,nm4943058
tt6727598,nm0528963
tt6728390,nm2150730
tt6732748,nm3281514
tt6733372,nm1967210
tt6735670,nm1714788
tt6735678,nm1375533
tt6735754,nm1777967
tt6736198,nm1514537
tt6737766,nm2098745
tt6738136,nm0267287
tt6740154,nm0399051
tt6741368,nm2463233
tt6743942,nm1280221
tt6744044,nm1828040
tt6745824,nm6866164
tt6746304,nm1702672
tt6747192,nm1430969
tt6747242,nm8904191
tt6747818,nm1642229
tt6748466,nm0815204
tt6750852,nm9257439
tt6750852,nm8906440
tt6750884,nm8906487
tt6750888,nm3517051
tt6753132,nm3661688
tt6754750,nm0946875
tt6755892,nm0195264
tt6767852,nm3265218
tt6768578,nm0308520
tt6769326,nm0097517
tt6769508,nm6153366
tt6771444,nm0048735
tt6771678,nm7630832
tt6772804,nm0381273
tt6772874,nm3215871
tt6772950,nm0905592
tt6774092,nm6725309
tt6774106,nm6424426
tt6774212,nm3109770
tt6774538,nm1908800
tt6774588,nm6263438
tt6776106,nm1750324
tt6776462,nm1488024
tt6777056,nm8921482
tt6777170,nm0452102
tt6777338,nm3468066
tt6777370,nm2604863
tt6782276,nm1038286
tt6787076,nm0969087
tt6788622,nm3689306
tt6788930,nm1445939
tt6788942,nm5464371
tt6791730,nm3746062
tt6791886,nm0084502
tt6792282,nm1304308
tt6793710,nm0305054
tt6796028,nm4043796
tt6797946,nm2076872
tt6805328,nm0210948
tt6805354,nm1805204
tt6805422,nm1038027
tt6806524,nm0398575
tt6807256,nm8733429
tt6808064,nm6554261
tt6809496,nm0002180
tt6811018,nm0180428
tt6811992,nm0025534
tt6814080,nm0950759
tt6814214,nm1411329
tt6814252,nm2400256
tt6816070,nm1653460
tt6817202,nm8945443
tt6817944,nm0027815
tt6818140,nm0003916
tt6820256,nm1020835
tt6821012,nm0806912
tt6822518,nm1311238
tt6823246,nm0386382
tt6824598,nm0846281
tt6825826,nm7666445
tt6827388,nm2602776
tt6828390,nm0002140
tt6829180,nm0711807
tt6830412,nm3771227
tt6830780,nm8953987
tt6832138,nm1132447
tt6832138,nm2382268
tt6832388,nm3336170
tt6835498,nm2660273
tt6835804,nm3410783
tt6836936,nm6682160
tt6838918,nm3848723
tt6841500,nm8680936
tt6843812,nm0451155
tt6844052,nm2065321
tt6845728,nm1229177
tt6846432,nm3821378
tt6846510,nm0396994
tt6846664,nm2765738
tt6847792,nm0351410
tt6847810,nm2765738
tt6848602,nm0831321
tt6849128,nm1856678
tt6850758,nm2705570
tt6850766,nm3322482
tt6850820,nm0603628
tt6851966,nm4300777
tt6852872,nm0349406
tt6853930,nm1688464
tt6856592,nm5381703
tt6857112,nm1443502
tt6857988,nm0693844
tt6859762,nm1049433
tt6861726,nm5725247
tt6862864,nm1162241
tt6864090,nm1595355
tt6869362,nm0284759
tt6869538,nm0007139
tt6871426,nm1626425
tt6876488,nm0631590
tt6876788,nm0202036
tt6877164,nm1089985
tt6878038,nm1922242
tt6878378,nm2350892
tt6878382,nm4159489
tt6878882,nm0482592
tt6884200,nm1036574
tt6887540,nm1169526
tt6890376,nm6089329
tt6892250,nm8994803
tt6892462,nm0310615
tt6892950,nm8995421
tt6895284,nm1673745
tt6902696,nm0133326
tt6903084,nm7403142
tt6903200,nm4857370
tt6904062,nm4424420
tt6904272,nm5173203
tt6905402,nm2881794
tt6905442,nm1090212
tt6905696,nm1553775
tt6907804,nm3207292
tt6909846,nm1441566
tt6914542,nm4259286
tt6915208,nm2128776
tt6917210,nm3156925
tt6917242,nm0509870
tt6917272,nm1013665
tt6917290,nm3500190
tt6918220,nm4355349
tt6918220,nm9009942
tt6920356,nm0389712
tt6921496,nm5747900
tt6922972,nm5242102
tt6923834,nm4354459
tt6923840,nm0494355
tt6927152,nm6530002
tt6927492,nm1627093
tt6927880,nm0404882
tt6929604,nm2637033
tt6932340,nm0791140
tt6932818,nm0676577
tt6940692,nm9021750
tt6940696,nm0576570
tt6944688,nm1086714
tt6945932,nm0816090
tt6947294,nm0058713
tt6947528,nm1732848
tt6948326,nm1773597
tt6949498,nm3366745
tt6952604,nm1402557
tt6957966,nm0677953
tt6958014,nm0037708
tt6958520,nm0157266
tt6962204,nm0128058
tt6962260,nm0631273
tt6964554,nm1166926
tt6964562,nm7441188
tt6964844,nm3025701
tt6964844,nm0961027
tt6966538,nm0787668
tt6967644,nm3745271
tt6967980,nm6436658
tt6972140,nm3218978
tt6972212,nm0463316
tt6974888,nm7923598
tt6977470,nm0148482
tt6978268,nm0576554
tt6981634,nm0458441
tt6981702,nm0782213
tt6982254,nm9046288
tt6982352,nm1548101
tt6982562,nm3282636
tt6982794,nm4677186
tt6982794,nm4664031
tt6984258,nm0268107
tt6984530,nm0077345
tt6985200,nm7187927
tt6986710,nm9049092
tt6988116,nm2831530
tt6989180,nm4591469
tt6996016,nm8526249
tt6997642,nm5777473
tt6998228,nm6864027
tt6998518,nm0181903
tt6999052,nm0321112
tt7009250,nm2544836
tt7010156,nm9061128
tt7010412,nm4323446
tt7010456,nm9061330
tt7011436,nm0491259
tt7013194,nm9063047
tt7013254,nm2678073
tt7014006,nm3102998
tt7014430,nm6136445
tt7016254,nm2028715
tt7019812,nm1983400
tt7019820,nm1001345
tt7019912,nm7020067
tt7023354,nm1415190
tt7023500,nm3607398
tt7026370,nm1730404
tt7026672,nm1302591
tt7027092,nm1164755
tt7028460,nm9072016
tt7028460,nm9288428
tt7033498,nm4983910
tt7036332,nm1780050
tt7037156,nm4196169
tt7039208,nm0465372
tt7042838,nm0748066
tt7042862,nm2421238
tt7043012,nm0319659
tt7046524,nm3736815
tt7049542,nm0152640
tt7050476,nm0155940
tt7050870,nm4093647
tt7051624,nm1838841
tt7054410,nm9084867
tt7055824,nm3629018
tt7056732,nm8460699
tt7057496,nm1203013
tt7058612,nm1104340
tt7063130,nm3885999
tt7069496,nm4567259
tt7071382,nm9094270
tt7073710,nm4017355
tt7078004,nm0025955
tt7080138,nm0298055
tt7080434,nm0753737
tt7080434,nm1099640
tt7080686,nm8614207
tt7081274,nm5234942
tt7084614,nm3349553
tt7085078,nm8977799
tt7085164,nm3086049
tt7087210,nm4991744
tt7087940,nm4729786
tt7088006,nm9103074
tt7088028,nm4009992
tt7088032,nm0796504
tt7088108,nm2363901
tt7089738,nm4420624
tt7095392,nm3139460
tt7095482,nm2507695
tt7095698,nm3964742
tt7095852,nm1045937
tt7102426,nm9109553
tt7104984,nm1860649
tt7106246,nm4876391
tt7106506,nm0296440
tt7107018,nm1373966
tt7108862,nm4772560
tt7109106,nm1460692
tt7109900,nm9634132
tt7110678,nm1637364
tt7111402,nm5936070
tt7111818,nm5028357
tt7112162,nm0609399
tt7112162,nm2791155
tt7112162,nm4805576
tt7115500,nm4435811
tt7115980,nm5270673
tt7117870,nm6098360
tt7121252,nm0187373
tt7121620,nm0270099
tt7124092,nm7910781
tt7125498,nm6404549
tt7125774,nm0378660
tt7126386,nm1767417
tt7126758,nm0721351
tt7128042,nm1428845
tt7128732,nm3563342
tt7130192,nm5897851
tt7133384,nm2408324
tt7133686,nm2788440
tt7133686,nm1666476
tt7133686,nm0193484
tt7134690,nm4644677
tt7135128,nm0485819
tt7136436,nm1098726
tt7136736,nm2691863
tt7137380,nm0476201
tt7139246,nm3901911
tt7142506,nm1402184
tt7144296,nm1050216
tt7146054,nm9135765
tt7146578,nm0277229
tt7149336,nm0777521
tt7151438,nm1431194
tt7153418,nm6237221
tt7153766,nm0001752
tt7154176,nm9142118
tt7154284,nm9142182
tt7155170,nm4057245
tt7156144,nm2271931
tt7156144,nm0283810
tt7156436,nm4781635
tt7158514,nm5322992
tt7158582,nm3516131
tt7158686,nm3889354
tt7158736,nm1502159
tt7160070,nm1420683
tt7160176,nm1375363
tt7160394,nm0075087
tt7162390,nm5276483
tt7162390,nm1215197
tt7163824,nm4235049
tt7165346,nm0024015
tt7165426,nm1922408
tt7165808,nm5814459
tt7166042,nm3797575
tt7167630,nm0515005
tt7169136,nm5245803
tt7169514,nm0643664
tt7172702,nm3028867
tt7176472,nm1180774
tt7177250,nm3626440
tt7179474,nm4451752
tt7179714,nm9158930
tt7183578,nm0159039
tt7185492,nm0490487
tt7186036,nm4473366
tt7188002,nm0554280
tt7188250,nm3213992
tt7189558,nm3803184
tt7190418,nm9164034
tt7197544,nm3318421
tt7200370,nm0225010
tt7203412,nm6440635
tt7205208,nm2735954
tt7205630,nm0218022
tt7205630,nm1086956
tt7205938,nm3953738
tt7207398,nm9173335
tt7208648,nm2645488
tt7210252,nm1950988
tt7212726,nm1460159
tt7213936,nm1155348
tt7214028,nm1331264
tt7215548,nm4461980
tt7216256,nm0043953
tt7217028,nm1464507
tt7218732,nm1729447
tt7219324,nm0350168
tt7220640,nm0702522
tt7220696,nm0474289
tt7220754,nm4788566
tt7220754,nm2438561
tt7221072,nm4457026
tt7221896,nm9107963
tt7222552,nm0431221
tt7222598,nm7760208
tt7224496,nm3648488
tt7225386,nm0326558
tt7228134,nm9185497
tt7229666,nm8519686
tt7230148,nm1853851
tt7230476,nm2298778
tt7232860,nm0944519
tt7233012,nm0534813
tt7233726,nm8509498
tt7233828,nm3548432
tt7235038,nm4567851
tt7236034,nm9026707
tt7238326,nm3849752
tt7241074,nm2963897
tt7241654,nm1914394
tt7243006,nm7485387
tt7243750,nm0477041
tt7246106,nm5594944
tt7246718,nm3792294
tt7247524,nm2395887
tt7248518,nm2117648
tt7249874,nm2380725
tt7250378,nm2349310
tt7251666,nm2201450
tt7253190,nm2199177
tt7253450,nm9202318
tt7255568,nm1159647
tt7256866,nm2634746
tt7257586,nm9204865
tt7259100,nm4069291
tt7260830,nm3699447
tt7262178,nm1082555
tt7262206,nm5648017
tt7262990,nm2013046
tt7268732,nm5039798
tt7272242,nm2005384
tt7272948,nm9191327
tt7274806,nm9180204
tt7275232,nm3442103
tt7275232,nm10468913
tt7275232,nm10468914
tt7275816,nm0118345
tt7277680,nm6836470
tt7279014,nm1989547
tt7279296,nm0935529
tt7281538,nm3520728
tt7282370,nm4879201
tt7282468,nm0496969
tt7283052,nm2991644
tt7283066,nm2932996
tt7284202,nm0643423
tt7286492,nm3673144
tt7286612,nm1971827
tt7288684,nm5366442
tt7291466,nm1244760
tt7293380,nm1189743
tt7294534,nm9227039
tt7294778,nm6887163
tt7295884,nm4027968
tt7296606,nm1347868
tt7297336,nm6483819
tt7297844,nm9789662
tt7297966,nm8217048
tt7298886,nm2983745
tt7299298,nm6940206
tt7299346,nm9230208
tt7302054,nm0006625
tt7303530,nm0771923
tt7304032,nm6114656
tt7304194,nm4818880
tt7304806,nm3399797
tt7308086,nm0438228
tt7308092,nm0798595
tt7312940,nm4134911
tt7313518,nm1837718
tt7315484,nm0502954
tt7315570,nm0915814
tt7317310,nm1730629
tt7317324,nm0657734
tt7317482,nm1677976
tt7318202,nm3796645
tt7319064,nm3075106
tt7320478,nm0672704
tt7321356,nm0191109
tt7322816,nm3141804
tt7322864,nm0898547
tt7323600,nm3949903
tt7327946,nm7466683
tt7328154,nm3063074
tt7329602,nm5451439
tt7329656,nm1266897
tt7329858,nm2583101
tt7331414,nm2595770
tt7333070,nm3323470
tt7334342,nm2383508
tt7335186,nm6649966
tt7335186,nm10757787
tt7335324,nm9252711
tt7335324,nm9252716
tt7336410,nm2495340
tt7336470,nm1050535
tt7336572,nm2800744
tt7336842,nm4800203
tt7338690,nm0666806
tt7339248,nm2720681
tt7339792,nm1880561
tt7339826,nm2584046
tt7344246,nm0599472
tt7345034,nm9257439
tt7345930,nm3263608
tt7346786,nm4021907
tt7349910,nm1486025
tt7349910,nm0001102
tt7349910,nm0308376
tt7349910,nm0457565
tt7349910,nm1720541
tt7355708,nm2671096
tt7355718,nm6576552
tt7356166,nm4859887
tt7356382,nm0392319
tt7356432,nm0243659
tt7358686,nm3749181
tt7365576,nm3012141
tt7367960,nm1580685
tt7368186,nm6944032
tt7368554,nm0838499
tt7369722,nm0838289
tt7370000,nm1740890
tt7372318,nm4998712
tt7374926,nm1356951
tt7374948,nm0451274
tt7375578,nm6889181
tt7379906,nm3355435
tt7380420,nm2246759
tt7382828,nm1671980
tt7388678,nm9282319
tt7390588,nm0287082
tt7390646,nm1938064
tt7392060,nm8601690
tt7392244,nm3133017
tt7398642,nm3205815
tt7400118,nm0001528
tt7402108,nm9289932
tt7403570,nm9290266
tt7403570,nm2669989
tt7403574,nm2913370
tt7403614,nm2669989
tt7404820,nm0213983
tt7404868,nm0814469
tt7408776,nm3255587
tt7415646,nm4400961
tt7419278,nm1096212
tt7419396,nm1435889
tt7419468,nm3070908
tt7422552,nm2038422
tt7424410,nm1044237
tt7424930,nm3155454
tt7425520,nm2785946
tt7427356,nm0698119
tt7428166,nm7132415
tt7428476,nm3760767
tt7429708,nm2155679
tt7430654,nm0583659
tt7431594,nm1150656
tt7431894,nm7549814
tt7431894,nm9304112
tt7433762,nm2605386
tt7433980,nm0076081
tt7434040,nm0119782
tt7434324,nm5832470
tt7434928,nm0268999
tt7438534,nm9485419
tt7438916,nm9307298
tt7439064,nm1982961
tt7439064,nm1792493
tt7441876,nm3347804
tt7442044,nm1374337
tt7445510,nm0832087
tt7450346,nm3542089
tt7451284,nm2459558
tt7453418,nm3737504
tt7455076,nm0025435
tt7458714,nm0700872
tt7458796,nm0321363
tt7458798,nm1602696
tt7458872,nm4414204
tt7458872,nm4413020
tt7464158,nm5258266
tt7466370,nm0685333
tt7468604,nm2683878
tt7468616,nm1108384
tt7469972,nm0946875
tt7469978,nm0626090
tt7470414,nm1413949
tt7471004,nm2528557
tt7471884,nm1311620
tt7473032,nm0158427
tt7473036,nm1550571
tt7473406,nm0556466
tt7474512,nm0391679
tt7475206,nm0116511
tt7475974,nm2061225
tt7476116,nm0500976
tt7476524,nm1140290
tt7476946,nm0950834
tt7477310,nm0941811
tt7479784,nm3127578
tt7481246,nm8570061
tt7482302,nm3603435
tt7482508,nm1876813
tt7483318,nm1326535
tt7483340,nm4403137
tt7485048,nm2134474
tt7485508,nm0248401
tt7489816,nm0146991
tt7491128,nm6872947
tt7491144,nm1492984
tt7493370,nm0002020
tt7496048,nm4982082
tt7497366,nm7577540
tt7500618,nm1542490
tt7501144,nm5665870
tt7502234,nm0617777
tt7502256,nm3046770
tt7502322,nm1039140
tt7504496,nm2368502
tt7505152,nm1333986
tt7509586,nm6740107
tt7511008,nm0244378
tt7512574,nm6070296
tt7512592,nm9344978
tt7512624,nm7473902
tt7514020,nm7495413
tt7514020,nm4611053
tt7517054,nm0721351
tt7521856,nm0039775
tt7521856,nm0765685
tt7521856,nm5264411
tt7521856,nm0917405
tt7526338,nm5662493
tt7527538,nm1345585
tt7527694,nm0916424
tt7530986,nm0609981
tt7533756,nm1302411
tt7533846,nm3481335
tt7533956,nm3590879
tt7534054,nm0393394
tt7535730,nm3532874
tt7535756,nm1741731
tt7535868,nm1802425
tt7536636,nm9359619
tt7541200,nm4991160
tt7542576,nm0900284
tt7543904,nm3403663
tt7543930,nm0380831
tt7546486,nm2204103
tt7548114,nm2239528
tt7548732,nm8922641
tt7549168,nm9367887
tt7549452,nm9223593
tt7549484,nm8033571
tt7549892,nm1899608
tt7549996,nm3734458
tt7550952,nm0754503
tt7555552,nm2206678
tt7555774,nm0110300
tt7558166,nm4309739
tt7558302,nm2911073
tt7560964,nm1438206
tt7563890,nm3442154
tt7565614,nm0451117
tt7566016,nm4154862
tt7566518,nm0442905
tt7568856,nm7510401
tt7572744,nm9381265
tt7575440,nm0554880
tt7575778,nm0959994
tt7580598,nm0652443
tt7580994,nm9386061
tt7581552,nm7881475
tt7582830,nm0747689
tt7582962,nm9386827
tt7583280,nm3396318
tt7584702,nm2463111
tt7587282,nm3282884
tt7587984,nm5253967
tt7589524,nm2445423
tt7589524,nm4420245
tt7592758,nm6254427
tt7594378,nm8812528
tt7594378,nm5478781
tt7594568,nm4643680
tt7596220,nm1753038
tt7597486,nm0994299
tt7598076,nm0422367
tt7600382,nm0341737
tt7603636,nm4823715
tt7605922,nm1287124
tt7607940,nm1150959
tt7609114,nm3221483
tt7609180,nm0161242
tt7612032,nm0437490
tt7614016,nm3035371
tt7615302,nm0638080
tt7615722,nm2846368
tt7616148,nm1564809
tt7616754,nm4307034
tt7617988,nm0994603
tt7619554,nm0484073
tt7620746,nm0791140
tt7624934,nm0875659
tt7628080,nm0955390
tt7628458,nm9145322
tt7634654,nm5092342
tt7637874,nm3388041
tt7638224,nm9264319
tt7638224,nm9706050
tt7638224,nm9705346
tt7638344,nm4264671
tt7639528,nm2279646
tt7642890,nm5693519
tt7650198,nm2103599
tt7651078,nm9426642
tt7651078,nm7757011
tt7651078,nm2895230
tt7651078,nm7757012
tt7651078,nm8625008
tt7651078,nm3427311
tt7652452,nm2683878
tt7653254,nm0000876
tt7654890,nm0244784
tt7657364,nm0357742
tt7657746,nm2354445
tt7658384,nm0871086
tt7658868,nm4920188
tt7661028,nm2096009
tt7664096,nm0088397
tt7664786,nm5728518
tt7667558,nm2661589
tt7670212,nm0015359
tt7672068,nm5001945
tt7675422,nm9445831
tt7679126,nm1738082
tt7679190,nm4724324
tt7679754,nm3773806
tt7681554,nm9448910
tt7683696,nm3849565
tt7689310,nm2285783
tt7689532,nm1651732
tt7689906,nm3232264
tt7689932,nm1848357
tt7689950,nm0918078
tt7690020,nm4317824
tt7690466,nm1428996
tt7690762,nm2536997
tt7695014,nm0223606
tt7695522,nm1777967
tt7699198,nm1004639
tt7707108,nm7672954
tt7710160,nm3304152
tt7715192,nm6840460
tt7715988,nm5089360
tt7718114,nm4713570
tt7719976,nm0579766
tt7730928,nm3392796
tt7734218,nm0236226
tt7734738,nm0432866
tt7735502,nm0603299
tt7736104,nm5090043
tt7736104,nm6395947
tt7736104,nm1749021
tt7736212,nm5778605
tt7736564,nm3642120
tt7738048,nm2556572
tt7738930,nm2201450
tt7742704,nm3492890
tt7744802,nm0890394
tt7745044,nm2017986
tt7745068,nm2568279
tt7748226,nm3213872
tt7748244,nm1778124
tt7752126,nm0946521
tt7752454,nm2268805
tt7753158,nm4462060
tt7756494,nm0433893
tt7759320,nm6489795
tt7759362,nm2724080
tt7760890,nm0770018
tt7761590,nm5461014
tt7764650,nm2038422
tt7765120,nm3053575
tt7765910,nm1894520
tt7767336,nm6836609
tt7767874,nm1125509
tt7768800,nm1177753
tt7768846,nm0000490
tt7768846,nm2224861
tt7773340,nm0950701
tt7773436,nm2198077
tt7775886,nm2080179
tt7776838,nm3866538
tt7777974,nm9134121
tt7778560,nm5664775
tt7778680,nm3592235
tt7779590,nm0000420
tt7780808,nm1109931
tt7784604,nm4170048
tt7784788,nm0573732
tt7785866,nm2275000
tt7786264,nm8584662
tt7790894,nm1346665
tt7791106,nm3377959
tt7791218,nm6894589
tt7794040,nm9538737
tt7794524,nm2056772
tt7797658,nm9514022
tt7798644,nm2438791
tt7800040,nm1414912
tt7807026,nm0900251
tt7807036,nm6521665
tt7808072,nm1907554
tt7817024,nm1922735
tt7817448,nm8925844
tt7818580,nm0024622
tt7819860,nm0548533
tt7820846,nm4310377
tt7822440,nm5894951
tt7826276,nm0067457
tt7830428,nm3646689
tt7832848,nm1068186
tt7833952,nm2409430
tt7834694,nm4535097
tt7839456,nm0434806
tt7850980,nm9103190
tt7852120,nm1896291
tt7853260,nm4254713
tt7853268,nm9543933
tt7853278,nm9543939
tt7853282,nm9543940
tt7853292,nm8623146
tt7854174,nm3452383
tt7856166,nm5039798
tt7858616,nm6849061
tt7862998,nm4126429
tt7862998,nm2008556
tt7867670,nm4535097
tt7869070,nm0004890
tt7874378,nm0664582
tt7875464,nm3308584
tt7880466,nm5117369
tt7881524,nm1819881
tt7881542,nm2414127
tt7881558,nm5366274
tt7883774,nm0343185
tt7886442,nm3163561
tt7886614,nm7403142
tt7890408,nm3845823
tt7890550,nm0572870
tt7895852,nm4568486
tt7895852,nm3845823
tt7897306,nm3152881
tt7897324,nm2321771
tt7897468,nm3210307
tt7897478,nm0368690
tt7901268,nm1840925
tt7901384,nm2154550
tt7901610,nm6561914
tt7901798,nm1982933
tt7901824,nm1248340
tt7901882,nm3443403
tt7902124,nm1001232
tt7902704,nm1352172
tt7906262,nm3456466
tt7907714,nm4711166
tt7912470,nm7186336
tt7913394,nm1207195
tt7913394,nm2529521
tt7919680,nm2410557
tt7921248,nm1717949
tt7925800,nm1314238
tt7933596,nm2179963
tt7938092,nm9590075
tt7938128,nm4227690
tt7938336,nm4148549
tt7938400,nm2343528
tt7938400,nm0618587
tt7941612,nm2319883
tt7941612,nm1349604
tt7941892,nm2967345
tt7942708,nm5366442
tt7942742,nm3504405
tt7942936,nm0501548
tt7943040,nm9593062
tt7943248,nm8094978
tt7945822,nm0006395
tt7946422,nm4938950
tt7946422,nm4777635
tt7950334,nm3687830
tt7952000,nm1886112
tt7952840,nm1892319
tt7952920,nm1811127
tt7953814,nm3778704
tt7958614,nm5598223
tt7959216,nm0691547
tt7961060,nm0619110
tt7961558,nm4574919
tt7967312,nm6440635
tt7967580,nm4287208
tt7969140,nm3952039
tt7972040,nm6944032
tt7972468,nm0384852
tt7972468,nm2667194
tt7975674,nm0003332
tt7981260,nm3462170
tt7983348,nm5426690
tt7983890,nm2014390
tt7986672,nm0707963
tt7994070,nm1070407
tt7994188,nm1908800
tt7997042,nm0620363
tt7997932,nm7233287
tt7998260,nm9624422
tt8000314,nm0433347
tt8000908,nm3413681
tt8005366,nm3538768
tt8006426,nm4914525
tt8009314,nm6120217
tt8009522,nm0320285
tt8011276,nm9631744
tt8011322,nm9631760
tt8011346,nm5709298
tt8011348,nm5288936
tt8016648,nm8051693
tt8016666,nm1167591
tt8016672,nm6943209
tt8019694,nm0755158
tt8020896,nm9636804
tt8021048,nm5071793
tt8023734,nm4242010
tt8025310,nm7467810
tt8026554,nm2910292
tt8028150,nm1095554
tt8028600,nm2259745
tt8031130,nm1384611
tt8041916,nm1920593
tt8042324,nm1777967
tt8043038,nm5632985
tt8050266,nm2630870
tt8050672,nm9651875
tt8050672,nm6944285
tt8055888,nm3035236
tt8059654,nm6356309
tt8060408,nm1587401
tt8060640,nm3184677
tt8064262,nm2038876
tt8065772,nm2538739
tt8065870,nm0890060
tt8066076,nm0729764
tt8066574,nm11071153
tt8069436,nm5286289
tt8069980,nm0604430
tt8071308,nm0521601
tt8072078,nm1449455
tt8072400,nm6650012
tt8072666,nm2609716
tt8074486,nm2552646
tt8075192,nm0466153
tt8075260,nm3066492
tt8076418,nm9664687
tt8077180,nm1729447
tt8081638,nm0629075
tt8081830,nm5222245
tt8085616,nm8558638
tt8085790,nm1202276
tt8090580,nm4005848
tt8092252,nm9671684
tt8093952,nm2380725
tt8094272,nm9120111
tt8094272,nm9226209
tt8095076,nm0784742
tt8096558,nm1729225
tt8096832,nm0063769
tt8098636,nm5005596
tt8100900,nm0849465
tt8103160,nm0637259
tt8105846,nm3708936
tt8106708,nm5499331
tt8107882,nm6961399
tt8108168,nm3803184
tt8108196,nm1668634
tt8108198,nm1437189
tt8108200,nm1322477
tt8108230,nm4114096
tt8108268,nm1892252
tt8110640,nm0585344
tt8110662,nm1604976
tt8111130,nm4907810
tt8115320,nm1547821
tt8115320,nm5655235
tt8116428,nm1420683
tt8119680,nm7916579
tt8119752,nm2891286
tt8119844,nm5831893
tt8128188,nm0001752
tt8128672,nm5631462
tt8129966,nm0648902
tt8130968,nm1223910
tt8133888,nm7850257
tt8142044,nm2413619
tt8142712,nm7057719
tt8145144,nm9700588
tt8157074,nm2347483
tt8158828,nm3772887
tt8159302,nm1937881
tt8160864,nm2751807
tt8161166,nm3735000
tt8163224,nm0057842
tt8166164,nm8227871
tt8169552,nm1179870
tt8170902,nm1702781
tt8171548,nm0874093
tt8175968,nm2410557
tt8176054,nm6041683
tt8176054,nm10328250
tt8176578,nm9717486
tt8176578,nm3357091
tt8176578,nm6157250
tt8178992,nm0081023
tt8179218,nm0150749
tt8179388,nm0629334
tt8185374,nm2843690
tt8191502,nm5396854
tt8193626,nm2449509
tt8193790,nm1189197
tt8196026,nm1021159
tt8201170,nm0625245
tt8201404,nm0133899
tt8202612,nm1179457
tt8207768,nm1018493
tt8208098,nm9103182
tt8211214,nm2083655
tt8220646,nm8742444
tt8221676,nm2321771
tt8222408,nm0899501
tt8226892,nm1228338
tt8228538,nm2899940
tt8228700,nm1310723
tt8233368,nm7609198
tt8233368,nm10316503
tt8234892,nm0715781
tt8235966,nm3973341
tt8236214,nm0897799
tt8236336,nm1994243
tt8237340,nm5474363
tt8239736,nm3973341
tt8239946,nm9751348
tt8239946,nm1628153
tt8239946,nm4205110
tt8241872,nm0182276
tt8243160,nm1125282
tt8243286,nm1969676
tt8246980,nm0107655
tt8250640,nm3176993
tt8253606,nm0444244
tt8254556,nm4080113
tt8255452,nm0501729
tt8255452,nm6230142
tt8260226,nm0181117
tt8260948,nm9763364
tt8262802,nm0909568
tt8263682,nm4991904
tt8263936,nm1462495
tt8264546,nm1168135
tt8267604,nm1701024
tt8269120,nm5615002
tt8271182,nm7449597
tt8271188,nm0951511
tt8273258,nm9769561
tt8274146,nm2931674
tt8284860,nm2339469
tt8286894,nm1393967
tt8286926,nm0030791
tt8287690,nm3679540
tt8291224,nm2336554
tt8291806,nm0000264
tt8295286,nm8354173
tt8297300,nm4335588
tt8299800,nm8929646
tt8302982,nm2126391
tt8303588,nm1701255
tt8304386,nm0788855
tt8305666,nm5381630
tt8305692,nm3667368
tt8306326,nm9785417
tt8311958,nm3486709
tt8316074,nm4417706
tt8318702,nm1354965
tt8319778,nm2432984
tt8320406,nm0479586
tt8322828,nm5977003
tt8324462,nm0838289
tt8324474,nm9793365
tt8328740,nm0466901
tt8329290,nm3575912
tt8329290,nm3576329
tt8329618,nm2989430
tt8331988,nm3569165
tt8333978,nm2449331
tt8334236,nm2426750
tt8335880,nm0815204
tt8342680,nm3321297
tt8346446,nm2218947
tt8351646,nm6032354
tt8351882,nm5394027
tt8354414,nm6139637
tt8354582,nm0194125
tt8358682,nm4899218
tt8359816,nm0516360
tt8359848,nm0637615
tt8364356,nm1425585
tt8364356,nm5181252
tt8364368,nm0014960
tt8365398,nm0759368
tt8365432,nm5067081
tt8366502,nm2674307
tt8367184,nm0525659
tt8378126,nm1392439
tt8387464,nm0094744
tt8388508,nm9825418
tt8396096,nm5020492
tt8396120,nm9412189
tt8396188,nm3898042
tt8396238,nm9829530
tt8396262,nm4110102
tt8400758,nm1966532
tt8402090,nm0149131
tt8404614,nm0576987
tt8405810,nm0893556
tt8408848,nm1349821
tt8409498,nm4030793
tt8409924,nm0224780
tt8409924,nm0818776
tt8413338,nm7958316
tt8417466,nm0831321
tt8418652,nm0894787
tt8420952,nm0831321
tt8422146,nm6218834
tt8422146,nm6218837
tt8423962,nm2324327
tt8423962,nm0757651
tt8425516,nm4041098
tt8426964,nm1066396
tt8427166,nm2404627
tt8434380,nm0422638
tt8435268,nm0960495
tt8435268,nm4661972
tt8437838,nm0815044
tt8439860,nm0345743
tt8443704,nm8069001
tt8443704,nm3422958
tt8443810,nm0594476
tt8444450,nm9107519
tt8451018,nm1592228
tt8451938,nm1893855
tt8456680,nm9859312
tt8458582,nm1598347
tt8458736,nm6818461
tt8461958,nm3984512
tt8469890,nm0056651
tt8476174,nm0704322
tt8478602,nm2670218
tt8478602,nm2032664
tt8482074,nm2679652
tt8483220,nm2133392
tt8483296,nm0649609
tt8484038,nm1784327
tt8484370,nm6102117
tt8484586,nm9913062
tt8485526,nm2042695
tt8485548,nm0790743
tt8490838,nm0946875
tt8490894,nm5056902
tt8493514,nm1738966
tt8497794,nm7874958
tt8506874,nm6757052
tt8510206,nm0626409
tt8512322,nm4855542
tt8513302,nm0306677
tt8514690,nm1031332
tt8515750,nm0211564
tt8517144,nm4457074
tt8522820,nm6276616
tt8525070,nm3431390
tt8526164,nm1583960
tt8526872,nm0108132
tt8529070,nm2117286
tt8529186,nm7613066
tt8529186,nm7613065
tt8530866,nm0467811
tt8535180,nm0003535
tt8535546,nm2485654
tt8539280,nm0811714
tt8541440,nm4459508
tt8548792,nm2691863
tt8552406,nm2373713
tt8552406,nm3172318
tt8561086,nm1500124
tt8561690,nm1286935
tt8563452,nm1226069
tt8567342,nm5959869
tt8574252,nm4219902
tt8581230,nm3349777
tt8585940,nm2096009
tt8587122,nm7087208
tt8589474,nm0006787
tt8590896,nm1762795
tt8590992,nm5864295
tt8591260,nm0000871
tt8593538,nm0880127
tt8593930,nm9910817
tt8594718,nm9924319
tt8595480,nm8975738
tt8595574,nm0213983
tt8595708,nm1755171
tt8602654,nm6142895
tt8615732,nm0526732
tt8618118,nm1899656
tt8619812,nm5968920
tt8620646,nm1414579
tt8621438,nm5772485
tt8630424,nm1533235
tt8631174,nm0267399
tt8633950,nm3106028
tt8635076,nm3265321
tt8638524,nm0523363
tt8638640,nm9942830
tt8639740,nm0082776
tt8649186,nm1717924
tt8649454,nm6836507
tt8652728,nm4099092
tt8653824,nm0904192
tt8655470,nm0619923
tt8655470,nm0865918
tt8655738,nm6136445
tt8657468,nm5521959
tt8657696,nm4074735
tt8660788,nm3500190
tt8661814,nm7807500
tt8665634,nm8423987
tt8665746,nm9955408
tt8665794,nm1908800
tt8668312,nm2620778
tt8669356,nm0241622
tt8671462,nm3986275
tt8671462,nm5372764
tt8671462,nm9958352
tt8675532,nm9959993
tt8685802,nm1110306
tt8694228,nm8386553
tt8696440,nm1597572
tt8696440,nm1577474
tt8706874,nm9044390
tt8708304,nm6142823
tt8709452,nm8411910
tt8712750,nm1802267
tt8713190,nm0070589
tt8716800,nm3061960
tt8718580,nm9982663
tt8721556,nm3859342
tt8723216,nm3184434
tt8726008,nm1364086
tt8726098,nm3049622
tt8726116,nm5469088
tt8733014,nm7222062
tt8737614,nm8526249
tt8738964,nm1500530
tt8744094,nm4914661
tt8744608,nm5250587
tt8748608,nm7943357
tt8749922,nm0646987
tt8749962,nm4179342
tt8750122,nm1451137
tt8751804,nm3312722
tt8752474,nm0515005
tt8752498,nm4982437
tt8752498,nm0515005
tt8757960,nm1672174
tt8758086,nm1625382
tt8763008,nm0003508
tt8766224,nm4022917
tt8767808,nm0700090
tt8769828,nm2985661
tt8773662,nm5130815
tt8773662,nm6206978
tt8775056,nm0728276
tt8781414,nm0513554
tt8781414,nm1437652
tt8785134,nm10021195
tt8785486,nm3803184
tt8787284,nm1714018
tt8798274,nm1295189
tt8800384,nm1252197
tt8806546,nm6576552
tt8806768,nm1724912
tt8811474,nm0074163
tt8816130,nm0033240
tt8816194,nm0863807
tt8821182,nm0487990
tt8822274,nm1856743
tt8826936,nm4853354
tt8826992,nm9607013
tt8830002,nm0958561
tt8832158,nm5941201
tt8835552,nm2758967
tt8836476,nm2538739
tt8836476,nm10044892
tt8836988,nm0425364
tt8837044,nm0764367
tt8838810,nm1152754
tt8845840,nm3770347
tt8850036,nm10051112
tt8850036,nm3545981
tt8852536,nm0707382
tt8852558,nm2859182
tt8861786,nm0898547
tt8865562,nm10057971
tt8865580,nm0126492
tt8866064,nm9073819
tt8873348,nm7760158
tt8875366,nm10063029
tt8883524,nm3012171
tt8890230,nm1322006
tt8890582,nm3151107
tt8890690,nm1600662
tt8897986,nm4083927
tt8897986,nm10074951
tt8898544,nm4518735
tt8898648,nm8396558
tt8900172,nm5689944
tt8900172,nm5237286
tt8900302,nm0637838
tt8901582,nm4577642
tt8903840,nm3033662
tt8906022,nm0110292
tt8908002,nm2590164
tt8908048,nm9368132
tt8912932,nm5260581
tt8912932,nm3225166
tt8917752,nm2670854
tt8919396,nm3792294
tt8922118,nm2373566
tt8922832,nm3620486
tt8932884,nm0223606
tt8943572,nm3706826
tt8948208,nm3814248
tt8962472,nm2053461
tt8963708,nm2172605
tt8967900,nm2359589
tt8974368,nm0355960
tt8974586,nm3270014
tt8976710,nm1639277
tt8976832,nm4352422
tt8983218,nm8423987
tt8986842,nm2031561
tt9006968,nm3262576
tt9007142,nm2484181
tt9010900,nm10191835
tt9011130,nm3836680
tt9011132,nm0008243
tt9016296,nm0499448
tt9018570,nm10131548
tt9021092,nm4951006
tt9021140,nm1059740
tt9021374,nm3163561
tt9024106,nm0465484
tt9024106,nm0813301
tt9024986,nm5114739
tt9026024,nm8509500
tt9026524,nm3976308
tt9028218,nm0897433
tt9034290,nm8631915
tt9047474,nm1183471
tt9052870,nm4318159
tt9052936,nm5880364
tt9053416,nm3578957
tt9055926,nm7265633
tt9056192,nm0094274
tt9056824,nm3828631
tt9058902,nm0838289
tt9060866,nm10157755
tt9063684,nm2606510
tt9068100,nm1992193
tt9078014,nm0563583
tt9078014,nm0427068
tt9078374,nm0412517
tt9078972,nm9464437
tt9081558,nm0879436
tt9081562,nm4341096
tt9082020,nm2167460
tt9086910,nm2837835
tt9096148,nm8301352
tt9097694,nm7181975
tt9104664,nm6818461
tt9104710,nm1598332
tt9105508,nm2548040
tt9109794,nm3063751
tt9110902,nm0128636
tt9110902,nm10189307
tt9110902,nm0238186
tt9113332,nm0324380
tt9113332,nm1312283
tt9116358,nm0408043
tt9118870,nm10186256
tt9120936,nm10187096
tt9121954,nm1450964
tt9124428,nm3446789
tt9125746,nm7698601
tt9128686,nm2319974
tt9129166,nm6254427
tt9129808,nm4179382
tt9139412,nm9603806
tt9141128,nm6607709
tt9143636,nm0000382
tt9149982,nm0362799
tt9154566,nm1435762
tt9165332,nm3141804
tt9165458,nm6045089
tt9173264,nm2630323
tt9174388,nm2726242
tt9174420,nm10211338
tt9174602,nm1777967
tt9174800,nm3837416
tt9176136,nm3870994
tt9177040,nm0527261
tt9177988,nm1006656
tt9179414,nm2265536
tt9179974,nm2854538
tt9204408,nm0311508
tt9213932,nm1002258
tt9214280,nm1060997
tt9214310,nm2365786
tt9214844,nm1066739
tt9221238,nm10989812
tt9221238,nm3911512
tt9228950,nm0390822
tt9231140,nm4563405
tt9234450,nm2507695
tt9235038,nm0154055
tt9239472,nm1326535
tt9239882,nm4301161
tt9248340,nm0394776
tt9248934,nm1179457
tt9248940,nm7447165
tt9249432,nm1906081
tt9251598,nm9909259
tt9261284,nm2238667
tt9261840,nm3273792
tt9266104,nm0793840
tt9271408,nm6425711
tt9279362,nm10258802
tt9281008,nm5189098
tt9281008,nm2543818
tt9282616,nm8824211
tt9288776,nm5332002
tt9288776,nm4368529
tt9304360,nm6288596
tt9308170,nm1147588
tt9308170,nm7218795
tt9310280,nm7503675
tt9311062,nm0741262
tt9319812,nm10443374
tt9334162,nm4425060
tt9348296,nm4295186
tt9351598,nm5367831
tt9354674,nm3542089
tt9354944,nm0524190
tt9354944,nm0601859
tt9355200,nm3132183
tt9358120,nm8248697
tt9358136,nm8738226
tt9369332,nm2386198
tt9378320,nm1777967
tt9378850,nm0490487
tt9382596,nm1058259
tt9389802,nm2371539
tt9390254,nm4417706
tt9392618,nm0541391
tt9397884,nm1767417
tt9408490,nm6785661
tt9415552,nm3042612
tt9418878,nm1625220
tt9420624,nm2678073
tt9420648,nm3603873
tt9426186,nm7947822
tt9431740,nm5854210
tt9435162,nm3125415
tt9448332,nm9652572
tt9459550,nm4906548
tt9465532,nm9909259
tt9468400,nm3797575
tt9471952,nm1482754
tt9487594,nm0309996
tt9490414,nm4394673
tt9497146,nm4823333
tt9526152,nm1425958
tt9531094,nm3666535
tt9533342,nm6961399
tt9535950,nm10369087
tt9537352,nm3792294
tt9543488,nm10372456
tt9555284,nm3859440
tt9562694,nm1371053
tt9563632,nm1060975
tt9575160,nm0538320
tt9596638,nm6771357
tt9598172,nm1823246
tt9610262,nm0961391
tt9610354,nm10404285
tt9624470,nm3550991
tt9636256,nm6176498
tt9636910,nm5756171
tt9647768,nm0224801
tt9648942,nm9003875
tt9648942,nm7666445
tt9652730,nm0396994
tt9657764,nm3498229
tt9665400,nm10429120
tt9675716,nm6474441
tt9680064,nm1138210
tt9680166,nm10436203
tt9680630,nm0155642
tt9698430,nm0548648
tt9699640,nm0630112
tt9735672,nm2556572
tt9735672,nm6695356
tt9735758,nm4888030
tt9737688,nm3892733
tt9742334,nm9445831
tt9742422,nm3968338
tt9759978,nm1371074
tt9766310,nm8360000
tt9782756,nm0421259
tt9783778,nm0132485
tt9789670,nm0430782
tt9789686,nm3014420
tt9795368,nm2153080
tt9799992,nm10041917
tt9805504,nm7390096
tt9811374,nm1138210
tt9817070,nm7920254
tt9817300,nm10522250
tt9838372,nm9452546
tt9840958,nm4672801
tt9845398,nm1431281
tt9850064,nm2268014
tt9860728,nm0474955
tt9866208,nm3510519
tt9866700,nm3932585
tt9894394,nm10529303
tt9894394,nm10529305
tt9894394,nm10529304
tt9899880,nm5971240
tt9903716,nm10532693
